date,metal,kind,code,month,expiry,call_vol,put_vol,call_oi,put_oi
2026-03-23,gold,monthly,OG,APR26,2026-03-26,16184,32843,175539,154003
2026-03-23,gold,monthly,OG,APR27,2027-03-25,0,0,300,0
2026-03-23,gold,monthly,OG,AUG26,2026-07-28,1181,665,28322,16313
2026-03-23,gold,monthly,OG,DEC26,2026-11-24,4787,1540,69872,14875
2026-03-23,gold,monthly,OG,DEC27,2027-11-24,0,0,1591,1572
2026-03-23,gold,monthly,OG,FEB27,2027-01-26,14,33,3405,1115
2026-03-23,gold,monthly,OG,JAN27,2026-12-28,3672,21,469,235
2026-03-23,gold,monthly,OG,JAN28,2027-12-28,0,0,0,2
2026-03-23,gold,monthly,OG,JUL26,2026-06-25,5768,6843,48029,24317
2026-03-23,gold,monthly,OG,JUN26,2026-05-26,16973,7316,139078,74597
2026-03-23,gold,monthly,OG,MAY26,2026-04-27,20904,14628,90480,65208
2026-03-23,gold,monthly,OG,NOV26,2026-10-27,11,18,2318,1013
2026-03-23,gold,monthly,OG,OCT26,2026-09-24,45,65,20739,4179
2026-03-23,gold,monthly,OG,SEP26,2026-08-26,443,23,12284,6735
2026-03-23,gold,weekly,OG2,APR26,2026-04-10,350,328,865,726
2026-03-23,gold,weekly,OG3,APR26,,235,197,597,602
2026-03-23,gold,weekly,OG4,APR26,2026-03-27,0,1,0,1
2026-03-23,gold,weekly,OG4,MAR26,2026-03-27,2811,3115,4680,3579
2026-03-23,silver,monthly,SO,APR26,2026-03-26,1637,2545,28455,24869
2026-03-23,silver,monthly,SO,AUG26,2026-07-28,25,10,465,732
2026-03-23,silver,monthly,SO,DEC26,2026-11-24,7,3,7468,3314
2026-03-23,silver,monthly,SO,DEC27,2027-11-24,0,0,26,25
2026-03-23,silver,monthly,SO,FEB27,2027-01-26,4,0,1,0
2026-03-23,silver,monthly,SO,JAN27,2026-12-28,2,0,811,2
2026-03-23,silver,monthly,SO,JUL26,2026-06-25,200,212,16961,9779
2026-03-23,silver,monthly,SO,JUL27,2027-06-25,0,0,3,0
2026-03-23,silver,monthly,SO,JUN26,2026-05-26,375,254,9362,6970
2026-03-23,silver,monthly,SO,MAR27,2027-02-23,0,0,25,0
2026-03-23,silver,monthly,SO,MAY26,2026-04-27,1922,1502,21546,17570
2026-03-23,silver,monthly,SO,NOV26,2026-10-27,0,1,149,222
2026-03-23,silver,monthly,SO,OCT26,2026-09-24,2,3,1104,259
2026-03-23,silver,monthly,SO,SEP26,2026-08-26,8,7,1565,1447
2026-03-23,silver,weekly,SO2,APR26,2026-04-10,10,2,24,4
2026-03-23,silver,weekly,SO3,APR26,,12,20,13,20
2026-03-23,silver,weekly,SO4,MAR26,2026-03-27,33,20,81,49
2026-03-24,gold,monthly,OG,APR26,2026-03-26,13497,14714,178206,152615
2026-03-24,gold,monthly,OG,APR27,2027-03-25,0,0,300,0
2026-03-24,gold,monthly,OG,AUG26,2026-07-28,887,639,28179,16044
2026-03-24,gold,monthly,OG,DEC26,2026-11-24,6990,827,75170,15322
2026-03-24,gold,monthly,OG,DEC27,2027-11-24,150,0,1441,1572
2026-03-24,gold,monthly,OG,FEB27,2027-01-26,0,0,3405,1115
2026-03-24,gold,monthly,OG,JAN27,2026-12-28,3,13,472,234
2026-03-24,gold,monthly,OG,JAN28,2027-12-28,0,0,0,2
2026-03-24,gold,monthly,OG,JUL26,2026-06-25,4056,2274,49632,25044
2026-03-24,gold,monthly,OG,JUN26,2026-05-26,5983,5533,141269,75531
2026-03-24,gold,monthly,OG,MAY26,2026-04-27,16329,6235,85536,65832
2026-03-24,gold,monthly,OG,NOV26,2026-10-27,3,4,2320,1017
2026-03-24,gold,monthly,OG,OCT26,2026-09-24,299,216,21004,4385
2026-03-24,gold,monthly,OG,SEP26,2026-08-26,674,20,12716,6742
2026-03-24,gold,weekly,OG2,APR26,2026-04-10,391,362,1201,1050
2026-03-24,gold,weekly,OG3,APR26,2026-04-17,42,35,588,632
2026-03-24,gold,weekly,OG4,APR26,2026-03-27,0,0,0,1
2026-03-24,gold,weekly,OG4,MAR26,2026-03-27,1522,1207,5168,3837
2026-03-24,silver,monthly,SO,APR26,2026-03-26,769,2911,28635,23183
2026-03-24,silver,monthly,SO,AUG26,2026-07-28,57,12,509,743
2026-03-24,silver,monthly,SO,DEC26,2026-11-24,3,42,7465,3339
2026-03-24,silver,monthly,SO,DEC27,2027-11-24,0,0,26,25
2026-03-24,silver,monthly,SO,FEB27,2027-01-26,0,0,1,0
2026-03-24,silver,monthly,SO,JAN27,2026-12-28,0,0,811,2
2026-03-24,silver,monthly,SO,JUL26,2026-06-25,286,109,17018,9750
2026-03-24,silver,monthly,SO,JUL27,2027-06-25,0,0,3,0
2026-03-24,silver,monthly,SO,JUN26,2026-05-26,269,207,9398,7099
2026-03-24,silver,monthly,SO,MAR27,2027-02-23,0,0,25,0
2026-03-24,silver,monthly,SO,MAY26,2026-04-27,675,1099,21743,17855
2026-03-24,silver,monthly,SO,NOV26,2026-10-27,0,0,149,222
2026-03-24,silver,monthly,SO,OCT26,2026-09-24,0,11,1104,264
2026-03-24,silver,monthly,SO,SEP26,2026-08-26,51,19,1600,1464
2026-03-24,silver,weekly,SO2,APR26,2026-04-10,6,0,24,4
2026-03-24,silver,weekly,SO3,APR26,2026-04-17,0,0,13,20
2026-03-24,silver,weekly,SO4,MAR26,2026-03-27,43,75,111,116
2026-03-25,gold,monthly,OG,APR26,2026-03-26,19159,12664,178188,153835
2026-03-25,gold,monthly,OG,APR27,2027-03-25,0,0,300,0
2026-03-25,gold,monthly,OG,AUG26,2026-07-28,7321,274,34186,16116
2026-03-25,gold,monthly,OG,DEC26,2026-11-24,796,92,75623,15346
2026-03-25,gold,monthly,OG,DEC27,2027-11-24,0,0,1441,1572
2026-03-25,gold,monthly,OG,FEB27,2027-01-26,0,0,3405,1115
2026-03-25,gold,monthly,OG,JAN27,2026-12-28,16,13,472,247
2026-03-25,gold,monthly,OG,JAN28,2027-12-28,0,0,0,2
2026-03-25,gold,monthly,OG,JUL26,2026-06-25,2786,1448,50956,26101
2026-03-25,gold,monthly,OG,JUN26,2026-05-26,9078,4661,143224,76381
2026-03-25,gold,monthly,OG,JUN27,2027-05-25,1,0,1,0
2026-03-25,gold,monthly,OG,MAY26,2026-04-27,9076,8419,87964,68612
2026-03-25,gold,monthly,OG,NOV26,2026-10-27,7,11,2322,1020
2026-03-25,gold,monthly,OG,OCT26,2026-09-24,301,91,21250,4463
2026-03-25,gold,monthly,OG,SEP26,2026-08-26,629,271,13119,6727
2026-03-25,gold,weekly,OG2,APR26,2026-04-10,116,376,1235,1364
2026-03-25,gold,weekly,OG3,APR26,2026-04-17,28,79,610,603
2026-03-25,gold,weekly,OG4,APR26,2026-03-27,0,0,0,1
2026-03-25,gold,weekly,OG4,MAR26,2026-03-27,2559,1774,5809,4227
2026-03-25,silver,monthly,SO,APR26,2026-03-26,1208,1848,28999,21943
2026-03-25,silver,monthly,SO,AUG26,2026-07-28,0,0,509,743
2026-03-25,silver,monthly,SO,DEC26,2026-11-24,43,1,7462,3339
2026-03-25,silver,monthly,SO,DEC27,2027-11-24,0,0,26,25
2026-03-25,silver,monthly,SO,FEB27,2027-01-26,0,0,1,0
2026-03-25,silver,monthly,SO,JAN27,2026-12-28,0,0,811,2
2026-03-25,silver,monthly,SO,JUL26,2026-06-25,606,71,17315,9726
2026-03-25,silver,monthly,SO,JUL27,2027-06-25,0,0,3,0
2026-03-25,silver,monthly,SO,JUN26,2026-05-26,452,369,9518,7222
2026-03-25,silver,monthly,SO,MAR27,2027-02-23,0,0,25,0
2026-03-25,silver,monthly,SO,MAY26,2026-04-27,727,851,22189,18094
2026-03-25,silver,monthly,SO,NOV26,2026-10-27,0,0,149,222
2026-03-25,silver,monthly,SO,OCT26,2026-09-24,0,9,1104,265
2026-03-25,silver,monthly,SO,SEP26,2026-08-26,61,0,1630,1464
2026-03-25,silver,weekly,SO2,APR26,2026-04-10,172,3,178,7
2026-03-25,silver,weekly,SO3,APR26,2026-04-17,0,15,13,35
2026-03-25,silver,weekly,SO4,MAR26,2026-03-27,50,96,124,178
2026-03-26,gold,monthly,OG,APR26,2026-03-26,7797,9758,0,0
2026-03-26,gold,monthly,OG,APR27,2027-03-25,0,0,300,0
2026-03-26,gold,monthly,OG,AUG26,2026-07-28,1492,623,34744,16451
2026-03-26,gold,monthly,OG,DEC26,2026-11-24,296,113,75880,15400
2026-03-26,gold,monthly,OG,DEC27,2027-11-24,0,0,1441,1572
2026-03-26,gold,monthly,OG,FEB27,2027-01-26,0,0,3405,1115
2026-03-26,gold,monthly,OG,JAN27,2026-12-28,4,5,472,250
2026-03-26,gold,monthly,OG,JAN28,2027-12-28,0,0,0,2
2026-03-26,gold,monthly,OG,JUL26,2026-06-25,1533,1268,51740,26804
2026-03-26,gold,monthly,OG,JUN26,2026-05-26,7146,2934,143877,76474
2026-03-26,gold,monthly,OG,JUN27,2027-05-25,0,0,1,0
2026-03-26,gold,monthly,OG,MAY26,2026-04-27,4721,7965,87076,71156
2026-03-26,gold,monthly,OG,NOV26,2026-10-27,0,287,2322,1300
2026-03-26,gold,monthly,OG,OCT26,2026-09-24,276,13,21275,4467
2026-03-26,gold,monthly,OG,SEP26,2026-08-26,282,20,13219,6745
2026-03-26,gold,weekly,OG2,APR26,2026-04-10,661,91,1737,1432
2026-03-26,gold,weekly,OG3,APR26,2026-04-17,78,176,647,750
2026-03-26,gold,weekly,OG4,APR26,2026-03-27,0,0,0,1
2026-03-26,gold,weekly,OG4,MAR26,2026-03-27,2776,3967,6605,5634
2026-03-26,silver,monthly,SO,APR26,2026-03-26,1672,2098,0,0
2026-03-26,silver,monthly,SO,AUG26,2026-07-28,22,24,520,765
2026-03-26,silver,monthly,SO,DEC26,2026-11-24,11,1,7470,3340
2026-03-26,silver,monthly,SO,DEC27,2027-11-24,0,0,26,25
2026-03-26,silver,monthly,SO,FEB27,2027-01-26,0,0,1,0
2026-03-26,silver,monthly,SO,JAN27,2026-12-28,0,0,811,2
2026-03-26,silver,monthly,SO,JUL26,2026-06-25,133,80,17342,9748
2026-03-26,silver,monthly,SO,JUL27,2027-06-25,0,0,3,0
2026-03-26,silver,monthly,SO,JUN26,2026-05-26,120,409,9552,7508
2026-03-26,silver,monthly,SO,MAR27,2027-02-23,0,0,25,0
2026-03-26,silver,monthly,SO,MAY26,2026-04-27,1082,1503,22608,18158
2026-03-26,silver,monthly,SO,NOV26,2026-10-27,0,0,149,222
2026-03-26,silver,monthly,SO,OCT26,2026-09-24,2,1,1104,265
2026-03-26,silver,monthly,SO,SEP26,2026-08-26,1,1,1631,1465
2026-03-26,silver,weekly,SO2,APR26,2026-04-10,5,31,183,29
2026-03-26,silver,weekly,SO3,APR26,2026-04-17,0,20,13,55
2026-03-26,silver,weekly,SO4,MAR26,2026-03-27,132,187,199,276
2026-03-27,gold,monthly,OG,APR27,2027-03-25,0,0,300,0
2026-03-27,gold,monthly,OG,AUG26,2026-07-28,469,911,34679,17107
2026-03-27,gold,monthly,OG,DEC26,2026-11-24,2641,1495,77620,16687
2026-03-27,gold,monthly,OG,DEC27,2027-11-24,0,0,1441,1572
2026-03-27,gold,monthly,OG,FEB27,2027-01-26,0,0,3405,1115
2026-03-27,gold,monthly,OG,JAN27,2026-12-28,18,1,483,251
2026-03-27,gold,monthly,OG,JAN28,2027-12-28,0,0,0,2
2026-03-27,gold,monthly,OG,JUL26,2026-06-25,2865,1949,53043,28032
2026-03-27,gold,monthly,OG,JUN26,2026-05-26,8722,4177,147383,78310
2026-03-27,gold,monthly,OG,JUN27,2027-05-25,0,0,1,0
2026-03-27,gold,monthly,OG,MAY26,2026-04-27,10085,7822,90145,73734
2026-03-27,gold,monthly,OG,NOV26,2026-10-27,181,12,2472,1306
2026-03-27,gold,monthly,OG,OCT26,2026-09-24,1524,58,22708,4467
2026-03-27,gold,monthly,OG,SEP26,2026-08-26,502,84,13636,6828
2026-03-27,gold,weekly,OG2,APR26,2026-04-10,455,2649,2002,2217
2026-03-27,gold,weekly,OG3,APR26,2026-04-17,53,42,673,752
2026-03-27,gold,weekly,OG4,APR26,2026-03-27,0,1,0,2
2026-03-27,gold,weekly,OG4,MAR26,2026-03-27,2819,4843,0,0
2026-03-27,silver,monthly,SO,AUG26,2026-07-28,9,12,528,777
2026-03-27,silver,monthly,SO,DEC26,2026-11-24,53,0,7515,3340
2026-03-27,silver,monthly,SO,DEC27,2027-11-24,0,0,26,25
2026-03-27,silver,monthly,SO,FEB27,2027-01-26,0,0,1,0
2026-03-27,silver,monthly,SO,JAN27,2026-12-28,0,1,811,3
2026-03-27,silver,monthly,SO,JUL26,2026-06-25,34,21,17337,9745
2026-03-27,silver,monthly,SO,JUL27,2027-06-25,0,0,3,0
2026-03-27,silver,monthly,SO,JUN26,2026-05-26,432,106,9716,7524
2026-03-27,silver,monthly,SO,MAR27,2027-02-23,0,0,25,0
2026-03-27,silver,monthly,SO,MAY26,2026-04-27,580,1398,22625,18728
2026-03-27,silver,monthly,SO,NOV26,2026-10-27,0,0,149,222
2026-03-27,silver,monthly,SO,OCT26,2026-09-24,0,0,1104,265
2026-03-27,silver,monthly,SO,SEP26,2026-08-26,9,0,1639,1465
2026-03-27,silver,weekly,SO2,APR26,2026-04-10,30,28,208,53
2026-03-27,silver,weekly,SO3,APR26,2026-04-17,0,9,13,64
2026-03-27,silver,weekly,SO4,APR26,2026-03-27,8,0,8,0
2026-03-27,silver,weekly,SO4,MAR26,2026-03-27,141,152,0,0
2026-03-30,gold,monthly,OG,APR27,2027-03-25,0,0,300,0
2026-03-30,gold,monthly,OG,AUG26,2026-07-28,662,469,35145,17243
2026-03-30,gold,monthly,OG,DEC26,2026-11-24,1383,1511,78911,18003
2026-03-30,gold,monthly,OG,DEC27,2027-11-24,0,0,1441,1572
2026-03-30,gold,monthly,OG,FEB27,2027-01-26,0,0,3405,1115
2026-03-30,gold,monthly,OG,JAN27,2026-12-28,50,2,525,253
2026-03-30,gold,monthly,OG,JAN28,2027-12-28,0,0,0,2
2026-03-30,gold,monthly,OG,JUL26,2026-06-25,1376,941,53151,28661
2026-03-30,gold,monthly,OG,JUN26,2026-05-26,8178,3307,150102,79255
2026-03-30,gold,monthly,OG,JUN27,2027-05-25,0,0,1,0
2026-03-30,gold,monthly,OG,MAY26,2026-04-27,12169,8213,92992,77506
2026-03-30,gold,monthly,OG,NOV26,2026-10-27,0,77,2472,1377
2026-03-30,gold,monthly,OG,OCT26,2026-09-24,737,522,23332,4939
2026-03-30,gold,monthly,OG,SEP26,2026-08-26,165,177,13663,6895
2026-03-30,gold,weekly,OG1,MAY26,2026-05-01,0,2,0,1
2026-03-30,gold,weekly,OG2,APR26,2026-04-10,559,994,2349,2644
2026-03-30,gold,weekly,OG3,APR26,2026-04-17,37,199,681,924
2026-03-30,gold,weekly,OG4,APR26,,24,5,24,6
2026-03-30,silver,monthly,SO,AUG26,2026-07-28,21,12,543,785
2026-03-30,silver,monthly,SO,DEC26,2026-11-24,2,1,7515,3341
2026-03-30,silver,monthly,SO,DEC27,2027-11-24,0,0,26,25
2026-03-30,silver,monthly,SO,FEB27,2027-01-26,1,0,2,0
2026-03-30,silver,monthly,SO,JAN27,2026-12-28,0,0,811,3
2026-03-30,silver,monthly,SO,JUL26,2026-06-25,478,59,17493,9768
2026-03-30,silver,monthly,SO,JUL27,2027-06-25,0,0,3,0
2026-03-30,silver,monthly,SO,JUN26,2026-05-26,446,297,9988,7757
2026-03-30,silver,monthly,SO,MAR27,2027-02-23,0,0,25,0
2026-03-30,silver,monthly,SO,MAY26,2026-04-27,826,895,22984,18796
2026-03-30,silver,monthly,SO,NOV26,2026-10-27,0,0,149,222
2026-03-30,silver,monthly,SO,OCT26,2026-09-24,6,0,1099,265
2026-03-30,silver,monthly,SO,SEP26,2026-08-26,0,0,1639,1465
2026-03-30,silver,weekly,SO2,APR26,2026-04-10,15,7,217,59
2026-03-30,silver,weekly,SO3,APR26,2026-04-17,5,4,18,68
2026-03-30,silver,weekly,SO4,APR26,,0,4,8,3
2026-03-31,gold,monthly,OG,APR27,2027-03-25,0,0,300,0
2026-03-31,gold,monthly,OG,AUG26,2026-07-28,914,460,35520,17595
2026-03-31,gold,monthly,OG,DEC26,2026-11-24,5975,1129,81970,18900
2026-03-31,gold,monthly,OG,DEC27,2027-11-24,0,0,1441,1572
2026-03-31,gold,monthly,OG,FEB27,2027-01-26,0,0,3405,1115
2026-03-31,gold,monthly,OG,JAN27,2026-12-28,26,9,550,256
2026-03-31,gold,monthly,OG,JAN28,2027-12-28,0,0,0,2
2026-03-31,gold,monthly,OG,JUL26,2026-06-25,2509,1035,54169,29079
2026-03-31,gold,monthly,OG,JUN26,2026-05-26,8070,2948,152677,80277
2026-03-31,gold,monthly,OG,JUN27,2027-05-25,0,0,1,0
2026-03-31,gold,monthly,OG,MAY26,2026-04-27,10971,9175,94041,80542
2026-03-31,gold,monthly,OG,NOV26,2026-10-27,1,1,2472,1376
2026-03-31,gold,monthly,OG,OCT26,2026-09-24,106,100,23424,5039
2026-03-31,gold,monthly,OG,SEP26,2026-08-26,385,118,13575,6854
2026-03-31,gold,weekly,OG1,MAY26,2026-05-01,30,14,30,15
2026-03-31,gold,weekly,OG2,APR26,2026-04-10,791,526,2931,2847
2026-03-31,gold,weekly,OG3,APR26,2026-04-17,181,215,839,1111
2026-03-31,gold,weekly,OG4,APR26,2026-04-24,6,71,28,63
2026-03-31,silver,monthly,SO,AUG26,2026-07-28,203,9,741,792
2026-03-31,silver,monthly,SO,DEC26,2026-11-24,40,30,7550,3370
2026-03-31,silver,monthly,SO,DEC27,2027-11-24,0,0,26,25
2026-03-31,silver,monthly,SO,FEB27,2027-01-26,0,0,2,0
2026-03-31,silver,monthly,SO,JAN27,2026-12-28,0,0,811,3
2026-03-31,silver,monthly,SO,JUL26,2026-06-25,296,170,17542,9895
2026-03-31,silver,monthly,SO,JUL27,2027-06-25,0,0,3,0
2026-03-31,silver,monthly,SO,JUN26,2026-05-26,219,1137,10062,8487
2026-03-31,silver,monthly,SO,MAR27,2027-02-23,0,0,25,0
2026-03-31,silver,monthly,SO,MAY26,2026-04-27,940,751,22962,18902
2026-03-31,silver,monthly,SO,NOV26,2026-10-27,1,3,150,225
2026-03-31,silver,monthly,SO,OCT26,2026-09-24,10,0,1098,265
2026-03-31,silver,monthly,SO,SEP26,2026-08-26,13,12,1648,1472
2026-03-31,silver,weekly,SO1,MAY26,2026-05-01,1,0,1,0
2026-03-31,silver,weekly,SO2,APR26,2026-04-10,46,28,234,81
2026-03-31,silver,weekly,SO3,APR26,2026-04-17,21,14,33,71
2026-03-31,silver,weekly,SO4,APR26,2026-04-24,4,9,8,8
2026-04-01,gold,monthly,OG,APR27,2027-03-25,0,0,300,0
2026-04-01,gold,monthly,OG,AUG26,2026-07-28,841,1030,35792,18257
2026-04-01,gold,monthly,OG,DEC26,2026-11-24,2538,79,83291,18919
2026-04-01,gold,monthly,OG,DEC27,2027-11-24,0,0,1441,1572
2026-04-01,gold,monthly,OG,FEB27,2027-01-26,0,0,3405,1115
2026-04-01,gold,monthly,OG,JAN27,2026-12-28,3,5,553,258
2026-04-01,gold,monthly,OG,JAN28,2027-12-28,0,0,0,2
2026-04-01,gold,monthly,OG,JUL26,2026-06-25,2423,863,54192,29215
2026-04-01,gold,monthly,OG,JUN26,2026-05-26,14043,3008,154049,81013
2026-04-01,gold,monthly,OG,JUN27,2027-05-25,0,0,1,0
2026-04-01,gold,monthly,OG,MAY26,2026-04-27,21925,9731,98228,81958
2026-04-01,gold,monthly,OG,NOV26,2026-10-27,0,1,2472,1376
2026-04-01,gold,monthly,OG,OCT26,2026-09-24,245,234,23659,5114
2026-04-01,gold,monthly,OG,SEP26,2026-08-26,117,172,13575,6856
2026-04-01,gold,weekly,OG1,MAY26,2026-05-01,3,12,32,27
2026-04-01,gold,weekly,OG2,APR26,2026-04-10,1310,1966,3725,4241
2026-04-01,gold,weekly,OG3,APR26,2026-04-17,447,318,1209,1348
2026-04-01,gold,weekly,OG4,APR26,2026-04-24,16,26,40,75
2026-04-01,silver,monthly,SO,AUG26,2026-07-28,1,0,741,792
2026-04-01,silver,monthly,SO,DEC26,2026-11-24,3,20,7549,3379
2026-04-01,silver,monthly,SO,DEC27,2027-11-24,0,0,26,25
2026-04-01,silver,monthly,SO,FEB27,2027-01-26,0,0,2,0
2026-04-01,silver,monthly,SO,JAN27,2026-12-28,0,0,811,3
2026-04-01,silver,monthly,SO,JUL26,2026-06-25,215,101,17602,9938
2026-04-01,silver,monthly,SO,JUL27,2027-06-25,0,0,3,0
2026-04-01,silver,monthly,SO,JUN26,2026-05-26,395,133,10191,8530
2026-04-01,silver,monthly,SO,MAR27,2027-02-23,0,0,25,0
2026-04-01,silver,monthly,SO,MAY26,2026-04-27,871,804,23126,18998
2026-04-01,silver,monthly,SO,NOV26,2026-10-27,0,0,150,225
2026-04-01,silver,monthly,SO,OCT26,2026-09-24,2,0,1097,265
2026-04-01,silver,monthly,SO,SEP26,2026-08-26,63,3,1696,1472
2026-04-01,silver,weekly,SO1,MAY26,2026-05-01,0,0,1,0
2026-04-01,silver,weekly,SO2,APR26,2026-04-10,73,14,285,92
2026-04-01,silver,weekly,SO3,APR26,2026-04-17,0,1,33,72
2026-04-01,silver,weekly,SO4,APR26,2026-04-24,3,7,11,13
2026-04-03,gold,monthly,OG,APR27,2027-03-25,0,0,300,0
2026-04-03,gold,monthly,OG,AUG26,2026-07-28,0,0,36648,18186
2026-04-03,gold,monthly,OG,DEC26,2026-11-24,0,0,84543,19081
2026-04-03,gold,monthly,OG,DEC27,2027-11-24,0,0,1341,1572
2026-04-03,gold,monthly,OG,FEB27,2027-01-26,0,0,3405,1115
2026-04-03,gold,monthly,OG,JAN27,2026-12-28,0,0,554,258
2026-04-03,gold,monthly,OG,JAN28,2027-12-28,0,0,0,2
2026-04-03,gold,monthly,OG,JUL26,2026-06-25,0,0,54731,29508
2026-04-03,gold,monthly,OG,JUN26,2026-05-26,0,0,154471,81390
2026-04-03,gold,monthly,OG,JUN27,2027-05-25,0,0,1,0
2026-04-03,gold,monthly,OG,MAY26,2026-04-27,0,0,100421,86493
2026-04-03,gold,monthly,OG,NOV26,2026-10-27,0,0,3573,2028
2026-04-03,gold,monthly,OG,OCT26,2026-09-24,0,0,23954,5128
2026-04-03,gold,monthly,OG,SEP26,2026-08-26,0,0,13528,7067
2026-04-03,gold,weekly,OG1,MAY26,2026-05-01,0,0,26,30
2026-04-03,gold,weekly,OG2,APR26,2026-04-10,0,0,4686,5721
2026-04-03,gold,weekly,OG3,APR26,2026-04-17,0,0,1315,1444
2026-04-03,gold,weekly,OG4,APR26,2026-04-24,0,0,41,78
2026-04-03,silver,monthly,SO,AUG26,2026-07-28,0,0,737,780
2026-04-03,silver,monthly,SO,DEC26,2026-11-24,0,0,7550,3379
2026-04-03,silver,monthly,SO,DEC27,2027-11-24,0,0,26,25
2026-04-03,silver,monthly,SO,FEB27,2027-01-26,0,0,2,0
2026-04-03,silver,monthly,SO,JAN27,2026-12-28,0,0,811,3
2026-04-03,silver,monthly,SO,JUL26,2026-06-25,0,0,17644,9946
2026-04-03,silver,monthly,SO,JUL27,2027-06-25,0,0,3,0
2026-04-03,silver,monthly,SO,JUN26,2026-05-26,0,0,10451,8598
2026-04-03,silver,monthly,SO,MAR27,2027-02-23,0,0,25,0
2026-04-03,silver,monthly,SO,MAY26,2026-04-27,0,0,23208,19107
2026-04-03,silver,monthly,SO,NOV26,2026-10-27,0,0,150,228
2026-04-03,silver,monthly,SO,OCT26,2026-09-24,0,0,1097,265
2026-04-03,silver,monthly,SO,SEP26,2026-08-26,0,0,1726,1542
2026-04-03,silver,weekly,SO2,APR26,2026-04-10,0,0,300,148
2026-04-03,silver,weekly,SO3,APR26,2026-04-17,0,0,41,73
2026-04-03,silver,weekly,SO4,APR26,2026-04-24,0,0,11,11
2026-04-06,gold,monthly,OG,APR27,2027-03-24,0,0,300,0
2026-04-06,gold,monthly,OG,AUG26,2026-07-28,839,165,37310,18256
2026-04-06,gold,monthly,OG,DEC26,2026-11-24,211,170,84695,19241
2026-04-06,gold,monthly,OG,DEC27,2027-11-24,0,0,1341,1572
2026-04-06,gold,monthly,OG,FEB27,2027-01-26,0,0,3405,1115
2026-04-06,gold,monthly,OG,JAN27,2026-12-28,4,2,553,260
2026-04-06,gold,monthly,OG,JAN28,2027-12-28,0,0,0,2
2026-04-06,gold,monthly,OG,JUL26,2026-06-25,573,552,54963,29692
2026-04-06,gold,monthly,OG,JUN26,2026-05-26,3588,1737,155157,82096
2026-04-06,gold,monthly,OG,JUN27,2027-05-25,0,0,1,0
2026-04-06,gold,monthly,OG,MAY26,2026-04-27,2876,4032,100895,87188
2026-04-06,gold,monthly,OG,NOV26,2026-10-27,0,5,3573,2033
2026-04-06,gold,monthly,OG,OCT26,2026-09-24,18,8,23965,5128
2026-04-06,gold,monthly,OG,SEP26,2026-08-26,309,2,13727,7066
2026-04-06,gold,weekly,OG1,MAY26,2026-05-01,9,4,35,34
2026-04-06,gold,weekly,OG2,APR26,2026-04-10,1739,1805,5569,6583
2026-04-06,gold,weekly,OG3,APR26,2026-04-17,402,618,1533,1850
2026-04-06,gold,weekly,OG4,APR26,2026-04-24,59,142,100,219
2026-04-06,silver,monthly,SO,AUG26,2026-07-28,54,66,780,807
2026-04-06,silver,monthly,SO,DEC26,2026-11-24,0,22,7550,3401
2026-04-06,silver,monthly,SO,DEC27,2027-11-24,0,0,26,25
2026-04-06,silver,monthly,SO,FEB27,2027-01-26,0,0,2,0
2026-04-06,silver,monthly,SO,JAN27,2026-12-28,0,0,811,3
2026-04-06,silver,monthly,SO,JUL26,2026-06-25,167,19,17761,9956
2026-04-06,silver,monthly,SO,JUL27,2027-06-25,0,0,3,0
2026-04-06,silver,monthly,SO,JUN26,2026-05-26,126,464,10485,8929
2026-04-06,silver,monthly,SO,MAR27,2027-02-23,0,0,25,0
2026-04-06,silver,monthly,SO,MAY26,2026-04-27,312,719,23286,19083
2026-04-06,silver,monthly,SO,NOV26,2026-10-27,0,12,150,237
2026-04-06,silver,monthly,SO,OCT26,2026-09-24,0,1,1097,264
2026-04-06,silver,monthly,SO,SEP26,2026-08-26,117,0,1833,1542
2026-04-06,silver,weekly,SO2,APR26,2026-04-10,23,43,322,173
2026-04-06,silver,weekly,SO3,APR26,2026-04-17,19,142,60,150
2026-04-06,silver,weekly,SO4,APR26,2026-04-24,0,0,11,11
2026-04-07,gold,monthly,OG,APR27,2027-03-25,0,0,300,0
2026-04-07,gold,monthly,OG,AUG26,2026-07-28,2174,4460,38431,20237
2026-04-07,gold,monthly,OG,DEC26,2026-11-24,2621,429,85697,19632
2026-04-07,gold,monthly,OG,DEC27,2027-11-24,0,0,1341,1572
2026-04-07,gold,monthly,OG,FEB27,2027-01-26,0,0,3405,1115
2026-04-07,gold,monthly,OG,JAN27,2026-12-28,0,0,553,260
2026-04-07,gold,monthly,OG,JAN28,2027-12-28,0,0,0,2
2026-04-07,gold,monthly,OG,JUL26,2026-06-25,1229,855,54800,29294
2026-04-07,gold,monthly,OG,JUN26,2026-05-26,4382,1982,156426,82353
2026-04-07,gold,monthly,OG,JUN27,2027-05-25,0,0,1,0
2026-04-07,gold,monthly,OG,MAY26,2026-04-27,10162,5106,100237,88050
2026-04-07,gold,monthly,OG,NOV26,2026-10-27,0,2,3573,2035
2026-04-07,gold,monthly,OG,OCT26,2026-09-24,63,21,23976,5142
2026-04-07,gold,monthly,OG,SEP26,2026-08-26,379,9,13994,7072
2026-04-07,gold,weekly,OG1,MAY26,2026-05-01,10,4,36,33
2026-04-07,gold,weekly,OG2,APR26,2026-04-10,2199,15419,6161,19904
2026-04-07,gold,weekly,OG3,APR26,2026-04-17,388,428,1872,2193
2026-04-07,gold,weekly,OG4,APR26,2026-04-24,35,7,133,226
2026-04-07,silver,monthly,SO,AUG26,2026-07-28,4,18,780,814
2026-04-07,silver,monthly,SO,DEC26,2026-11-24,8,0,7550,3401
2026-04-07,silver,monthly,SO,DEC27,2027-11-24,0,0,26,25
2026-04-07,silver,monthly,SO,FEB27,2027-01-26,0,0,2,0
2026-04-07,silver,monthly,SO,JAN27,2026-12-28,0,0,811,3
2026-04-07,silver,monthly,SO,JUL26,2026-06-25,613,131,17584,9968
2026-04-07,silver,monthly,SO,JUL27,2027-06-25,0,0,3,0
2026-04-07,silver,monthly,SO,JUN26,2026-05-26,170,97,10496,8973
2026-04-07,silver,monthly,SO,MAR27,2027-02-23,0,0,25,0
2026-04-07,silver,monthly,SO,MAY26,2026-04-27,526,822,23335,19142
2026-04-07,silver,monthly,SO,NOV26,2026-10-27,11,0,139,237
2026-04-07,silver,monthly,SO,OCT26,2026-09-24,0,0,1097,264
2026-04-07,silver,monthly,SO,SEP26,2026-08-26,11,1,1842,1543
2026-04-07,silver,weekly,SO1,MAY26,2026-05-01,5,0,5,0
2026-04-07,silver,weekly,SO2,APR26,2026-04-10,28,43,340,200
2026-04-07,silver,weekly,SO3,APR26,2026-04-17,10,0,59,150
2026-04-07,silver,weekly,SO4,APR26,2026-04-24,0,0,11,11
2026-04-08,gold,monthly,OG,APR27,2027-03-25,100,100,400,100
2026-04-08,gold,monthly,OG,AUG26,2026-07-28,1060,824,39006,20418
2026-04-08,gold,monthly,OG,DEC26,2026-11-24,4138,1063,88482,20655
2026-04-08,gold,monthly,OG,DEC27,2027-11-24,0,0,1341,1572
2026-04-08,gold,monthly,OG,FEB27,2027-01-26,2,1,3406,1116
2026-04-08,gold,monthly,OG,JAN27,2026-12-28,4,9,557,264
2026-04-08,gold,monthly,OG,JAN28,2027-12-28,0,0,0,2
2026-04-08,gold,monthly,OG,JUL26,2026-06-25,10716,3738,54137,28299
2026-04-08,gold,monthly,OG,JUN26,2026-05-26,14210,4843,158116,82996
2026-04-08,gold,monthly,OG,JUN27,2027-05-25,0,0,1,0
2026-04-08,gold,monthly,OG,MAY26,2026-04-27,9122,11506,99762,88685
2026-04-08,gold,monthly,OG,NOV26,2026-10-27,4,13,3573,2039
2026-04-08,gold,monthly,OG,OCT26,2026-09-24,2992,49,23957,5173
2026-04-08,gold,monthly,OG,SEP26,2026-08-26,92,340,14021,7400
2026-04-08,gold,weekly,OG1,MAY26,2026-05-01,26,17,58,37
2026-04-08,gold,weekly,OG2,APR26,2026-04-10,3333,2458,6514,20644
2026-04-08,gold,weekly,OG3,APR26,2026-04-17,1446,534,2685,2491
2026-04-08,gold,weekly,OG4,APR26,2026-04-24,167,82,284,294
2026-04-08,silver,monthly,SO,AUG26,2026-07-28,1,1,780,813
2026-04-08,silver,monthly,SO,DEC26,2026-11-24,3,0,7551,3401
2026-04-08,silver,monthly,SO,DEC27,2027-11-24,0,0,26,25
2026-04-08,silver,monthly,SO,FEB27,2027-01-26,0,0,2,0
2026-04-08,silver,monthly,SO,JAN27,2026-12-28,0,0,811,3
2026-04-08,silver,monthly,SO,JUL26,2026-06-25,339,326,17706,10026
2026-04-08,silver,monthly,SO,JUL27,2027-06-25,0,0,3,0
2026-04-08,silver,monthly,SO,JUN26,2026-05-26,851,462,10652,9201
2026-04-08,silver,monthly,SO,MAR27,2027-02-23,0,0,25,0
2026-04-08,silver,monthly,SO,MAY26,2026-04-27,936,1225,23375,19072
2026-04-08,silver,monthly,SO,NOV26,2026-10-27,0,0,139,237
2026-04-08,silver,monthly,SO,OCT26,2026-09-24,50,0,1147,264
2026-04-08,silver,monthly,SO,SEP26,2026-08-26,0,0,1842,1543
2026-04-08,silver,weekly,SO1,MAY26,2026-05-01,0,0,5,0
2026-04-08,silver,weekly,SO2,APR26,2026-04-10,57,97,333,273
2026-04-08,silver,weekly,SO3,APR26,2026-04-17,29,15,84,158
2026-04-08,silver,weekly,SO4,APR26,2026-04-24,6,8,17,5
2026-04-09,gold,monthly,OG,APR27,2027-03-25,0,0,400,100
2026-04-09,gold,monthly,OG,AUG26,2026-07-28,1431,1938,39653,22020
2026-04-09,gold,monthly,OG,DEC26,2026-11-24,1283,781,89160,21412
2026-04-09,gold,monthly,OG,DEC27,2027-11-24,9,0,1332,1572
2026-04-09,gold,monthly,OG,FEB27,2027-01-26,1,0,3406,1116
2026-04-09,gold,monthly,OG,JAN27,2026-12-28,11,4,566,266
2026-04-09,gold,monthly,OG,JAN28,2027-12-28,0,0,0,2
2026-04-09,gold,monthly,OG,JUL26,2026-06-25,1744,2423,55161,29331
2026-04-09,gold,monthly,OG,JUN26,2026-05-26,15549,3801,160568,84088
2026-04-09,gold,monthly,OG,JUN27,2027-05-25,0,0,1,0
2026-04-09,gold,monthly,OG,MAR27,2027-02-23,75,75,75,75
2026-04-09,gold,monthly,OG,MAY26,2026-04-27,7875,4385,101644,89070
2026-04-09,gold,monthly,OG,NOV26,2026-10-27,4,3,3572,2037
2026-04-09,gold,monthly,OG,OCT26,2026-09-24,5046,137,22130,5204
2026-04-09,gold,monthly,OG,SEP26,2026-08-26,432,84,14210,7478
2026-04-09,gold,weekly,OG1,MAY26,2026-05-01,20,3,78,36
2026-04-09,gold,weekly,OG2,APR26,2026-04-10,3550,2478,7245,21591
2026-04-09,gold,weekly,OG3,APR26,2026-04-17,3724,1074,5655,3123
2026-04-09,gold,weekly,OG4,APR26,2026-04-24,384,83,648,358
2026-04-09,silver,monthly,SO,AUG26,2026-07-28,8,16,782,811
2026-04-09,silver,monthly,SO,DEC26,2026-11-24,8,53,7552,3393
2026-04-09,silver,monthly,SO,DEC27,2027-11-24,0,0,26,25
2026-04-09,silver,monthly,SO,FEB27,2027-01-26,0,0,2,0
2026-04-09,silver,monthly,SO,JAN27,2026-12-28,0,0,811,3
2026-04-09,silver,monthly,SO,JUL26,2026-06-25,243,251,17805,10197
2026-04-09,silver,monthly,SO,JUL27,2027-06-25,0,0,3,0
2026-04-09,silver,monthly,SO,JUN26,2026-05-26,272,304,10696,9373
2026-04-09,silver,monthly,SO,MAR27,2027-02-23,201,20,226,20
2026-04-09,silver,monthly,SO,MAY26,2026-04-27,800,522,23451,19196
2026-04-09,silver,monthly,SO,NOV26,2026-10-27,0,0,139,237
2026-04-09,silver,monthly,SO,OCT26,2026-09-24,0,0,1147,264
2026-04-09,silver,monthly,SO,SEP26,2026-08-26,11,10,1852,1543
2026-04-09,silver,weekly,SO1,MAY26,2026-05-01,0,0,5,0
2026-04-09,silver,weekly,SO2,APR26,2026-04-10,167,103,428,343
2026-04-09,silver,weekly,SO3,APR26,2026-04-17,21,35,95,193
2026-04-09,silver,weekly,SO4,APR26,2026-04-24,1,11,18,8
2026-04-10,gold,monthly,OG,APR27,2027-03-25,151,150,551,250
2026-04-10,gold,monthly,OG,AUG26,2026-07-28,379,415,39839,22021
2026-04-10,gold,monthly,OG,DEC26,2026-11-24,2103,96,89327,21469
2026-04-10,gold,monthly,OG,DEC27,2027-11-24,0,0,1332,1572
2026-04-10,gold,monthly,OG,FEB27,2027-01-26,905,0,2690,1116
2026-04-10,gold,monthly,OG,JAN27,2026-12-28,1,0,566,266
2026-04-10,gold,monthly,OG,JAN28,2027-12-28,0,0,0,2
2026-04-10,gold,monthly,OG,JUL26,2026-06-25,2933,611,55515,29539
2026-04-10,gold,monthly,OG,JUN26,2026-05-26,12424,2394,162384,84578
2026-04-10,gold,monthly,OG,JUN27,2027-05-25,0,0,1,0
2026-04-10,gold,monthly,OG,MAR27,2027-02-23,0,0,75,75
2026-04-10,gold,monthly,OG,MAY26,2026-04-27,7111,4990,101540,89821
2026-04-10,gold,monthly,OG,NOV26,2026-10-27,19,3,3589,2040
2026-04-10,gold,monthly,OG,OCT26,2026-09-24,30,15,22134,5212
2026-04-10,gold,monthly,OG,SEP26,2026-08-26,589,14,14583,7486
2026-04-10,gold,weekly,OG1,MAY26,2026-05-01,3,3,81,39
2026-04-10,gold,weekly,OG2,APR26,2026-04-10,2069,2324,0,0
2026-04-10,gold,weekly,OG3,APR26,2026-04-17,733,1205,6187,3847
2026-04-10,gold,weekly,OG4,APR26,2026-04-24,106,133,743,459
2026-04-10,silver,monthly,SO,AUG26,2026-07-28,10,12,778,803
2026-04-10,silver,monthly,SO,DEC26,2026-11-24,57,9,7603,3393
2026-04-10,silver,monthly,SO,DEC27,2027-11-24,0,0,26,25
2026-04-10,silver,monthly,SO,FEB27,2027-01-26,0,0,2,0
2026-04-10,silver,monthly,SO,JAN27,2026-12-28,0,0,811,3
2026-04-10,silver,monthly,SO,JUL26,2026-06-25,208,55,17920,10202
2026-04-10,silver,monthly,SO,JUL27,2027-06-25,0,0,3,0
2026-04-10,silver,monthly,SO,JUN26,2026-05-26,291,280,10779,9495
2026-04-10,silver,monthly,SO,MAR27,2027-02-23,15,0,241,20
2026-04-10,silver,monthly,SO,MAY26,2026-04-27,673,1301,23605,19685
2026-04-10,silver,monthly,SO,NOV26,2026-10-27,1,0,139,237
2026-04-10,silver,monthly,SO,OCT26,2026-09-24,4,0,1150,264
2026-04-10,silver,monthly,SO,SEP26,2026-08-26,343,22,2004,1564
2026-04-10,silver,weekly,SO1,MAY26,2026-05-01,1,1,6,1
2026-04-10,silver,weekly,SO2,APR26,2026-04-10,40,38,0,0
2026-04-10,silver,weekly,SO3,APR26,2026-04-17,113,109,199,266
2026-04-10,silver,weekly,SO4,APR26,2026-04-24,2,7,20,7
2026-04-13,gold,monthly,OG,APR27,2027-03-25,0,0,551,250
2026-04-13,gold,monthly,OG,AUG26,2026-07-28,1537,1180,39859,22168
2026-04-13,gold,monthly,OG,DEC26,2026-11-24,1817,343,90849,21812
2026-04-13,gold,monthly,OG,DEC27,2027-11-24,0,0,1332,1572
2026-04-13,gold,monthly,OG,FEB27,2027-01-26,0,0,2690,1116
2026-04-13,gold,monthly,OG,JAN27,2026-12-28,0,0,566,266
2026-04-13,gold,monthly,OG,JAN28,2027-12-28,0,0,0,2
2026-04-13,gold,monthly,OG,JUL26,2026-06-25,4401,3007,54750,29039
2026-04-13,gold,monthly,OG,JUN26,2026-05-26,11584,5375,162352,85410
2026-04-13,gold,monthly,OG,JUN27,2027-05-25,0,0,1,0
2026-04-13,gold,monthly,OG,MAR27,2027-02-23,0,0,75,75
2026-04-13,gold,monthly,OG,MAY26,2026-04-27,7988,8673,101711,89991
2026-04-13,gold,monthly,OG,NOV26,2026-10-27,4,1,3590,2040
2026-04-13,gold,monthly,OG,OCT26,2026-09-24,8,293,22137,5150
2026-04-13,gold,monthly,OG,SEP26,2026-08-26,737,94,15177,7567
2026-04-13,gold,weekly,OG1,MAY26,2026-05-01,765,211,844,226
2026-04-13,gold,weekly,OG2,MAY26,,19,7,19,7
2026-04-13,gold,weekly,OG3,APR26,2026-04-17,1468,979,6660,4113
2026-04-13,gold,weekly,OG4,APR26,2026-04-24,894,157,1193,605
2026-04-13,silver,monthly,SO,AUG26,2026-07-28,15,54,787,826
2026-04-13,silver,monthly,SO,DEC26,2026-11-24,22,4,7604,3393
2026-04-13,silver,monthly,SO,DEC27,2027-11-24,0,0,26,25
2026-04-13,silver,monthly,SO,FEB27,2027-01-26,0,30,2,30
2026-04-13,silver,monthly,SO,JAN27,2026-12-28,10,0,819,3
2026-04-13,silver,monthly,SO,JUL26,2026-06-25,241,74,17981,10256
2026-04-13,silver,monthly,SO,JUL27,2027-06-25,0,0,3,0
2026-04-13,silver,monthly,SO,JUN26,2026-05-26,638,419,11206,9725
2026-04-13,silver,monthly,SO,MAR27,2027-02-23,0,0,241,20
2026-04-13,silver,monthly,SO,MAY26,2026-04-27,745,714,23586,19861
2026-04-13,silver,monthly,SO,NOV26,2026-10-27,0,0,139,237
2026-04-13,silver,monthly,SO,OCT26,2026-09-24,0,0,1150,264
2026-04-13,silver,monthly,SO,SEP26,2026-08-26,105,41,2097,1605
2026-04-13,silver,weekly,SO1,MAY26,2026-05-01,0,0,6,1
2026-04-13,silver,weekly,SO2,MAY26,2026-04-10,4,0,4,0
2026-04-13,silver,weekly,SO3,APR26,2026-04-17,67,161,243,363
2026-04-13,silver,weekly,SO4,APR26,2026-04-24,2,21,20,28
2026-04-14,gold,monthly,OG,APR27,2027-03-25,0,0,551,250
2026-04-14,gold,monthly,OG,AUG26,2026-07-28,716,670,40357,22614
2026-04-14,gold,monthly,OG,DEC26,2026-11-24,1142,1141,90884,22492
2026-04-14,gold,monthly,OG,DEC27,2027-11-24,0,0,1332,1572
2026-04-14,gold,monthly,OG,FEB27,2027-01-26,0,0,2690,1116
2026-04-14,gold,monthly,OG,JAN27,2026-12-28,3,2,569,268
2026-04-14,gold,monthly,OG,JAN28,2027-12-28,0,0,0,2
2026-04-14,gold,monthly,OG,JUL26,2026-06-25,1293,929,55330,29483
2026-04-14,gold,monthly,OG,JUN26,2026-05-26,14903,4062,166145,86201
2026-04-14,gold,monthly,OG,JUN27,2027-05-25,0,0,1,0
2026-04-14,gold,monthly,OG,MAR27,2027-02-23,1,0,76,75
2026-04-14,gold,monthly,OG,MAY26,2026-04-27,8319,4159,102061,90383
2026-04-14,gold,monthly,OG,NOV26,2026-10-27,4,6,3593,2044
2026-04-14,gold,monthly,OG,OCT26,2026-09-24,11022,312,24240,5352
2026-04-14,gold,monthly,OG,SEP26,2026-08-26,84,122,15187,7684
2026-04-14,gold,weekly,OG1,MAY26,2026-05-01,743,47,418,254
2026-04-14,gold,weekly,OG2,MAY26,2026-05-08,26,8,45,15
2026-04-14,gold,weekly,OG3,APR26,2026-04-17,1763,1412,7519,4978
2026-04-14,gold,weekly,OG4,APR26,2026-04-24,643,229,1705,775
2026-04-14,silver,monthly,SO,AUG26,2026-07-28,110,12,841,835
2026-04-14,silver,monthly,SO,DEC26,2026-11-24,49,61,7645,3445
2026-04-14,silver,monthly,SO,DEC27,2027-11-24,0,0,26,25
2026-04-14,silver,monthly,SO,FEB27,2027-01-26,0,0,2,30
2026-04-14,silver,monthly,SO,JAN27,2026-12-28,0,0,819,3
2026-04-14,silver,monthly,SO,JUL26,2026-06-25,1367,260,17968,10401
2026-04-14,silver,monthly,SO,JUL27,2027-06-25,0,0,3,0
2026-04-14,silver,monthly,SO,JUN26,2026-05-26,2421,479,12706,9829
2026-04-14,silver,monthly,SO,MAR27,2027-02-23,20,0,261,20
2026-04-14,silver,monthly,SO,MAY26,2026-04-27,1628,1479,23454,19694
2026-04-14,silver,monthly,SO,NOV26,2026-10-27,7,0,146,237
2026-04-14,silver,monthly,SO,OCT26,2026-09-24,4,0,1154,264
2026-04-14,silver,monthly,SO,SEP26,2026-08-26,647,0,2522,1605
2026-04-14,silver,weekly,SO1,MAY26,2026-05-01,0,0,6,1
2026-04-14,silver,weekly,SO2,MAY26,2026-05-08,0,0,4,0
2026-04-14,silver,weekly,SO3,APR26,2026-04-17,118,49,292,371
2026-04-14,silver,weekly,SO4,APR26,2026-04-24,25,25,36,48
2026-04-15,gold,monthly,OG,APR27,2027-03-25,0,0,551,250
2026-04-15,gold,monthly,OG,AUG26,2026-07-28,7819,629,37864,22915
2026-04-15,gold,monthly,OG,DEC26,2026-11-24,1815,327,91615,22809
2026-04-15,gold,monthly,OG,DEC27,2027-11-24,0,0,1332,1572
2026-04-15,gold,monthly,OG,FEB27,2027-01-26,0,0,2690,1116
2026-04-15,gold,monthly,OG,JAN27,2026-12-28,0,0,569,268
2026-04-15,gold,monthly,OG,JAN28,2027-12-28,0,0,0,2
2026-04-15,gold,monthly,OG,JUL26,2026-06-25,751,1077,55529,30139
2026-04-15,gold,monthly,OG,JUN26,2026-05-26,7676,3127,166908,87257
2026-04-15,gold,monthly,OG,JUN27,2027-05-25,0,0,1,0
2026-04-15,gold,monthly,OG,MAR27,2027-02-23,0,0,76,75
2026-04-15,gold,monthly,OG,MAY26,2026-04-27,4813,3132,101414,90558
2026-04-15,gold,monthly,OG,NOV26,2026-10-27,1,2,3594,2045
2026-04-15,gold,monthly,OG,OCT26,2026-09-24,144,453,24362,5755
2026-04-15,gold,monthly,OG,SEP26,2026-08-26,432,144,15531,7687
2026-04-15,gold,weekly,OG1,MAY26,2026-05-01,3,8,419,256
2026-04-15,gold,weekly,OG2,MAY26,2026-05-08,10,2,55,17
2026-04-15,gold,weekly,OG3,APR26,2026-04-17,600,1552,7630,5590
2026-04-15,gold,weekly,OG4,APR26,2026-04-24,174,319,1818,1051
2026-04-15,silver,monthly,SO,AUG26,2026-07-28,0,0,841,835
2026-04-15,silver,monthly,SO,DEC26,2026-11-24,7,47,7649,3478
2026-04-15,silver,monthly,SO,DEC27,2027-11-24,0,0,26,25
2026-04-15,silver,monthly,SO,FEB27,2027-01-26,0,0,2,30
2026-04-15,silver,monthly,SO,JAN27,2026-12-28,0,0,819,3
2026-04-15,silver,monthly,SO,JUL26,2026-06-25,552,151,18139,10494
2026-04-15,silver,monthly,SO,JUL27,2027-06-25,0,0,3,0
2026-04-15,silver,monthly,SO,JUN26,2026-05-26,474,299,12693,9942
2026-04-15,silver,monthly,SO,MAR27,2027-02-23,0,50,261,70
2026-04-15,silver,monthly,SO,MAY26,2026-04-27,995,1079,23592,19995
2026-04-15,silver,monthly,SO,NOV26,2026-10-27,0,1,146,237
2026-04-15,silver,monthly,SO,OCT26,2026-09-24,0,0,1154,264
2026-04-15,silver,monthly,SO,SEP26,2026-08-26,245,0,2739,1605
2026-04-15,silver,weekly,SO1,MAY26,2026-05-01,8,1,14,2
2026-04-15,silver,weekly,SO2,MAY26,2026-05-08,6,0,10,0
2026-04-15,silver,weekly,SO3,APR26,2026-04-17,136,101,358,439
2026-04-15,silver,weekly,SO4,APR26,2026-04-24,17,27,47,57
2026-04-16,gold,monthly,OG,APR27,2027-03-25,0,0,551,250
2026-04-16,gold,monthly,OG,AUG26,2026-07-28,1106,673,38479,23130
2026-04-16,gold,monthly,OG,DEC26,2026-11-24,398,273,91927,23055
2026-04-16,gold,monthly,OG,DEC27,2027-11-24,0,0,1332,1572
2026-04-16,gold,monthly,OG,FEB27,2027-01-26,4,1,2693,1117
2026-04-16,gold,monthly,OG,JAN27,2026-12-28,0,5,569,273
2026-04-16,gold,monthly,OG,JAN28,2027-12-28,0,0,0,2
2026-04-16,gold,monthly,OG,JUL26,2026-06-25,4356,520,54414,30470
2026-04-16,gold,monthly,OG,JUN26,2026-05-26,17573,5059,163767,88009
2026-04-16,gold,monthly,OG,JUN27,2027-05-25,0,0,1,0
2026-04-16,gold,monthly,OG,MAR27,2027-02-23,2,0,78,75
2026-04-16,gold,monthly,OG,MAY26,2026-04-27,4091,7495,101305,92105
2026-04-16,gold,monthly,OG,NOV26,2026-10-27,1,0,3595,2045
2026-04-16,gold,monthly,OG,OCT26,2026-09-24,478,159,24585,5847
2026-04-16,gold,monthly,OG,SEP26,2026-08-26,907,52,15798,7724
2026-04-16,gold,weekly,OG1,MAY26,2026-05-01,237,126,573,363
2026-04-16,gold,weekly,OG2,MAY26,2026-05-08,14,3,48,20
2026-04-16,gold,weekly,OG3,APR26,2026-04-17,1729,2138,7923,6497
2026-04-16,gold,weekly,OG4,APR26,2026-04-24,727,238,2351,1185
2026-04-16,silver,monthly,SO,APR27,2027-03-25,0,1,0,1
2026-04-16,silver,monthly,SO,AUG26,2026-07-28,15,24,836,831
2026-04-16,silver,monthly,SO,DEC26,2026-11-24,1,19,7649,3494
2026-04-16,silver,monthly,SO,DEC27,2027-11-24,0,0,26,25
2026-04-16,silver,monthly,SO,FEB27,2027-01-26,0,0,2,30
2026-04-16,silver,monthly,SO,JAN27,2026-12-28,0,0,819,3
2026-04-16,silver,monthly,SO,JUL26,2026-06-25,246,81,18173,10471
2026-04-16,silver,monthly,SO,JUL27,2027-06-25,0,0,3,0
2026-04-16,silver,monthly,SO,JUN26,2026-05-26,666,273,12868,10039
2026-04-16,silver,monthly,SO,MAR27,2027-02-23,0,0,261,70
2026-04-16,silver,monthly,SO,MAY26,2026-04-27,1395,802,23617,20074
2026-04-16,silver,monthly,SO,NOV26,2026-10-27,0,0,146,237
2026-04-16,silver,monthly,SO,OCT26,2026-09-24,0,9,1154,273
2026-04-16,silver,monthly,SO,SEP26,2026-08-26,5,1,2743,1604
2026-04-16,silver,weekly,SO1,MAY26,2026-05-01,1,1,15,3
2026-04-16,silver,weekly,SO2,MAY26,2026-05-08,0,0,10,0
2026-04-16,silver,weekly,SO3,APR26,2026-04-17,51,114,390,527
2026-04-16,silver,weekly,SO4,APR26,2026-04-24,16,43,61,77
2026-04-17,gold,monthly,OG,APR27,2027-03-25,0,0,551,250
2026-04-17,gold,monthly,OG,AUG26,2026-07-28,345,431,38659,23309
2026-04-17,gold,monthly,OG,DEC26,2026-11-24,398,316,91947,23324
2026-04-17,gold,monthly,OG,DEC27,2027-11-24,175,0,1407,1572
2026-04-17,gold,monthly,OG,FEB27,2027-01-26,1,1,2694,1118
2026-04-17,gold,monthly,OG,JAN27,2026-12-28,0,6,569,278
2026-04-17,gold,monthly,OG,JAN28,2027-12-28,0,0,0,2
2026-04-17,gold,monthly,OG,JUL26,2026-06-25,2434,778,55140,30914
2026-04-17,gold,monthly,OG,JUN26,2026-05-26,14987,5989,165356,88522
2026-04-17,gold,monthly,OG,JUN27,2027-05-25,0,0,1,0
2026-04-17,gold,monthly,OG,MAR27,2027-02-23,0,0,78,75
2026-04-17,gold,monthly,OG,MAY26,2026-04-27,6999,5707,100894,92901
2026-04-17,gold,monthly,OG,NOV26,2026-10-27,1,5,3595,2049
2026-04-17,gold,monthly,OG,OCT26,2026-09-24,464,34,24813,5858
2026-04-17,gold,monthly,OG,SEP26,2026-08-26,552,197,16067,7895
2026-04-17,gold,weekly,OG1,MAY26,2026-05-01,287,145,666,466
2026-04-17,gold,weekly,OG2,MAY26,2026-05-08,21,28,59,47
2026-04-17,gold,weekly,OG3,APR26,2026-04-17,2848,1790,0,0
2026-04-17,gold,weekly,OG4,APR26,2026-04-24,1711,867,3577,1896
2026-04-17,silver,monthly,SO,APR27,2027-03-25,0,0,0,1
2026-04-17,silver,monthly,SO,AUG26,2026-07-28,8,33,844,833
2026-04-17,silver,monthly,SO,DEC26,2026-11-24,132,81,7728,3523
2026-04-17,silver,monthly,SO,DEC27,2027-11-24,0,0,26,25
2026-04-17,silver,monthly,SO,FEB27,2027-01-26,0,0,2,30
2026-04-17,silver,monthly,SO,JAN27,2026-12-28,1,0,819,3
2026-04-17,silver,monthly,SO,JUL26,2026-06-25,1120,231,18761,10559
2026-04-17,silver,monthly,SO,JUL27,2027-06-25,0,0,3,0
2026-04-17,silver,monthly,SO,JUN26,2026-05-26,1542,635,13293,10113
2026-04-17,silver,monthly,SO,MAR27,2027-02-23,0,0,261,70
2026-04-17,silver,monthly,SO,MAY26,2026-04-27,2354,1346,23576,20415
2026-04-17,silver,monthly,SO,NOV26,2026-10-27,0,0,146,237
2026-04-17,silver,monthly,SO,OCT26,2026-09-24,0,0,1154,273
2026-04-17,silver,monthly,SO,SEP26,2026-08-26,33,3,2759,1606
2026-04-17,silver,weekly,SO1,MAY26,2026-05-01,2,1,17,4
2026-04-17,silver,weekly,SO2,MAY26,2026-05-08,10,10,18,10
2026-04-17,silver,weekly,SO3,APR26,2026-04-17,177,85,0,0
2026-04-17,silver,weekly,SO4,APR26,2026-04-24,53,79,96,97
2026-04-21,gold,monthly,OG,APR27,2027-03-25,0,0,551,250
2026-04-21,gold,monthly,OG,AUG26,2026-07-28,11245,981,44595,23712
2026-04-21,gold,monthly,OG,DEC26,2026-11-24,3405,230,95466,23367
2026-04-21,gold,monthly,OG,DEC27,2027-11-24,0,0,1407,1572
2026-04-21,gold,monthly,OG,DEC28,2028-11-27,0,0,50,0
2026-04-21,gold,monthly,OG,FEB27,2027-01-26,2,0,2699,1218
2026-04-21,gold,monthly,OG,JAN27,2026-12-28,13,0,582,280
2026-04-21,gold,monthly,OG,JAN28,2027-12-28,0,0,0,2
2026-04-21,gold,monthly,OG,JUL26,2026-06-25,2013,1533,56690,31421
2026-04-21,gold,monthly,OG,JUN26,2026-05-26,15476,9429,167472,91513
2026-04-21,gold,monthly,OG,JUN27,2027-05-25,0,0,1,0
2026-04-21,gold,monthly,OG,MAR27,2027-02-23,0,0,146,75
2026-04-21,gold,monthly,OG,MAY26,2026-04-27,8020,7826,101199,92745
2026-04-21,gold,monthly,OG,NOV26,2026-10-27,176,8,3796,2152
2026-04-21,gold,monthly,OG,OCT26,2026-09-24,255,161,24808,5795
2026-04-21,gold,monthly,OG,SEP26,2026-08-26,2068,204,15441,8290
2026-04-21,gold,weekly,OG1,MAY26,2026-05-01,318,543,966,1054
2026-04-21,gold,weekly,OG2,MAY26,2026-05-08,36,69,86,124
2026-04-21,gold,weekly,OG3,MAY26,2026-05-15,34,14,41,26
2026-04-21,gold,weekly,OG4,APR26,2026-04-24,1530,968,3973,2513
2026-04-21,silver,monthly,SO,APR27,2027-03-25,0,0,0,1
2026-04-21,silver,monthly,SO,AUG26,2026-07-28,87,30,888,860
2026-04-21,silver,monthly,SO,DEC26,2026-11-24,22,25,7739,3528
2026-04-21,silver,monthly,SO,DEC27,2027-11-24,0,0,26,25
2026-04-21,silver,monthly,SO,FEB27,2027-01-26,0,0,2,30
2026-04-21,silver,monthly,SO,JAN27,2026-12-28,0,1,819,4
2026-04-21,silver,monthly,SO,JUL26,2026-06-25,634,547,19054,10920
2026-04-21,silver,monthly,SO,JUL27,2027-06-25,0,0,3,0
2026-04-21,silver,monthly,SO,JUN26,2026-05-26,1018,597,13357,10385
2026-04-21,silver,monthly,SO,MAR27,2027-02-23,0,0,261,70
2026-04-21,silver,monthly,SO,MAY26,2026-04-27,1633,1003,23974,20562
2026-04-21,silver,monthly,SO,NOV26,2026-10-27,0,0,146,237
2026-04-21,silver,monthly,SO,OCT26,2026-09-24,0,0,1154,273
2026-04-21,silver,monthly,SO,SEP26,2026-08-26,55,4,2820,1610
2026-04-21,silver,weekly,SO1,MAY26,2026-05-01,8,6,25,34
2026-04-21,silver,weekly,SO2,MAY26,2026-05-08,5,8,23,9
2026-04-21,silver,weekly,SO3,MAY26,2026-05-15,6,0,6,0
2026-04-21,silver,weekly,SO4,APR26,2026-04-24,81,182,185,224
2026-04-22,gold,monthly,OG,APR27,2027-03-25,0,0,551,250
2026-04-22,gold,monthly,OG,AUG26,2026-07-28,7446,769,50407,23525
2026-04-22,gold,monthly,OG,DEC26,2026-11-24,2335,600,95712,23739
2026-04-22,gold,monthly,OG,DEC27,2027-11-24,0,0,1407,1572
2026-04-22,gold,monthly,OG,DEC28,2028-11-27,0,0,50,0
2026-04-22,gold,monthly,OG,FEB27,2027-01-26,68,2,2762,1220
2026-04-22,gold,monthly,OG,JAN27,2026-12-28,12,0,576,280
2026-04-22,gold,monthly,OG,JAN28,2027-12-28,0,0,0,2
2026-04-22,gold,monthly,OG,JUL26,2026-06-25,1630,1183,56864,32133
2026-04-22,gold,monthly,OG,JUN26,2026-05-26,10259,5663,167930,93275
2026-04-22,gold,monthly,OG,JUN27,2027-05-25,0,0,1,0
2026-04-22,gold,monthly,OG,MAR27,2027-02-23,15,0,161,75
2026-04-22,gold,monthly,OG,MAY26,2026-04-27,9681,6929,102922,94097
2026-04-22,gold,monthly,OG,NOV26,2026-10-27,24,4,3820,2153
2026-04-22,gold,monthly,OG,OCT26,2026-09-24,1282,155,25317,5940
2026-04-22,gold,monthly,OG,SEP26,2026-08-26,591,158,15365,8446
2026-04-22,gold,weekly,OG1,MAY26,2026-05-01,448,408,1166,1201
2026-04-22,gold,weekly,OG2,MAY26,2026-05-08,21,95,103,154
2026-04-22,gold,weekly,OG3,MAY26,2026-05-15,29,24,58,46
2026-04-22,gold,weekly,OG4,APR26,2026-04-24,948,1643,4201,3545
2026-04-22,silver,monthly,SO,APR27,2027-03-25,0,0,0,1
2026-04-22,silver,monthly,SO,AUG26,2026-07-28,75,132,955,987
2026-04-22,silver,monthly,SO,DEC26,2026-11-24,2,0,7740,3528
2026-04-22,silver,monthly,SO,DEC27,2027-11-24,0,0,26,25
2026-04-22,silver,monthly,SO,FEB27,2027-01-26,0,0,2,30
2026-04-22,silver,monthly,SO,JAN27,2026-12-28,0,0,819,4
2026-04-22,silver,monthly,SO,JUL26,2026-06-25,829,37,19473,10942
2026-04-22,silver,monthly,SO,JUL27,2027-06-25,0,0,3,0
2026-04-22,silver,monthly,SO,JUN26,2026-05-26,713,394,13521,10464
2026-04-22,silver,monthly,SO,MAR27,2027-02-23,0,0,261,70
2026-04-22,silver,monthly,SO,MAY26,2026-04-27,826,528,23813,20606
2026-04-22,silver,monthly,SO,NOV26,2026-10-27,0,0,146,237
2026-04-22,silver,monthly,SO,OCT26,2026-09-24,0,0,1154,273
2026-04-22,silver,monthly,SO,SEP26,2026-08-26,5,12,2822,1609
2026-04-22,silver,weekly,SO1,MAY26,2026-05-01,3,50,28,84
2026-04-22,silver,weekly,SO2,MAY26,2026-05-08,2,1,25,10
2026-04-22,silver,weekly,SO3,MAY26,2026-05-15,6,2,12,2
2026-04-22,silver,weekly,SO4,APR26,2026-04-24,81,92,223,256
2026-04-23,gold,monthly,OG,APR27,2027-03-25,25,25,576,275
2026-04-23,gold,monthly,OG,AUG26,2026-07-28,1028,1341,50684,24498
2026-04-23,gold,monthly,OG,DEC26,2026-11-24,4391,15,97279,23737
2026-04-23,gold,monthly,OG,DEC27,2027-11-24,0,0,1407,1572
2026-04-23,gold,monthly,OG,DEC28,2028-11-27,0,0,50,0
2026-04-23,gold,monthly,OG,FEB27,2027-01-26,2,0,2764,1220
2026-04-23,gold,monthly,OG,JAN27,2026-12-28,1,0,577,280
2026-04-23,gold,monthly,OG,JAN28,2027-12-28,0,0,0,2
2026-04-23,gold,monthly,OG,JUL26,2026-06-25,2358,1571,56696,31806
2026-04-23,gold,monthly,OG,JUN26,2026-05-26,13655,10293,169935,96823
2026-04-23,gold,monthly,OG,JUN27,2027-05-25,0,0,1,0
2026-04-23,gold,monthly,OG,MAR27,2027-02-23,0,0,161,75
2026-04-23,gold,monthly,OG,MAY26,2026-04-27,10480,7990,101771,95222
2026-04-23,gold,monthly,OG,NOV26,2026-10-27,14,69,3832,2219
2026-04-23,gold,monthly,OG,OCT26,2026-09-24,67,29,25364,5969
2026-04-23,gold,monthly,OG,SEP26,2026-08-26,1735,27,14548,8473
2026-04-23,gold,weekly,OG1,MAY26,2026-05-01,558,769,1433,1662
2026-04-23,gold,weekly,OG2,MAY26,2026-05-08,38,314,132,390
2026-04-23,gold,weekly,OG3,MAY26,2026-05-15,7,76,62,121
2026-04-23,gold,weekly,OG4,APR26,2026-04-24,1834,2922,4819,4286
2026-04-23,silver,monthly,SO,APR27,2027-03-25,0,0,0,1
2026-04-23,silver,monthly,SO,AUG26,2026-07-28,132,5,1079,988
2026-04-23,silver,monthly,SO,DEC26,2026-11-24,3,0,7741,3528
2026-04-23,silver,monthly,SO,DEC27,2027-11-24,0,0,26,25
2026-04-23,silver,monthly,SO,FEB27,2027-01-26,0,0,2,30
2026-04-23,silver,monthly,SO,JAN27,2026-12-28,0,0,819,4
2026-04-23,silver,monthly,SO,JUL26,2026-06-25,790,247,19671,11067
2026-04-23,silver,monthly,SO,JUL27,2027-06-25,0,0,3,0
2026-04-23,silver,monthly,SO,JUN26,2026-05-26,530,695,13525,10757
2026-04-23,silver,monthly,SO,MAR27,2027-02-23,0,0,261,70
2026-04-23,silver,monthly,SO,MAY26,2026-04-27,1347,972,23951,20597
2026-04-23,silver,monthly,SO,NOV26,2026-10-27,0,4,146,241
2026-04-23,silver,monthly,SO,OCT26,2026-09-24,0,7,1154,280
2026-04-23,silver,monthly,SO,SEP26,2026-08-26,24,38,2813,1621
2026-04-23,silver,weekly,SO1,MAY26,2026-05-01,5,35,28,118
2026-04-23,silver,weekly,SO2,MAY26,2026-05-08,0,3,25,10
2026-04-23,silver,weekly,SO3,MAY26,2026-05-15,4,0,16,2
2026-04-23,silver,weekly,SO4,APR26,2026-04-24,55,187,252,388
2026-04-24,gold,monthly,OG,APR27,2027-03-25,0,0,576,275
2026-04-24,gold,monthly,OG,AUG26,2026-07-28,5624,1746,55676,25409
2026-04-24,gold,monthly,OG,DEC26,2026-11-24,3931,768,98820,24376
2026-04-24,gold,monthly,OG,DEC27,2027-11-24,0,0,1407,1572
2026-04-24,gold,monthly,OG,DEC28,2028-11-27,50,0,100,0
2026-04-24,gold,monthly,OG,FEB27,2027-01-26,53,85,2817,1295
2026-04-24,gold,monthly,OG,JAN27,2026-12-28,2,0,577,280
2026-04-24,gold,monthly,OG,JAN28,2027-12-28,0,0,0,2
2026-04-24,gold,monthly,OG,JUL26,2026-06-25,1818,430,55816,31943
2026-04-24,gold,monthly,OG,JUN26,2026-05-26,6716,4018,170611,97509
2026-04-24,gold,monthly,OG,JUN27,2027-05-25,0,0,1,0
2026-04-24,gold,monthly,OG,MAR27,2027-02-23,0,0,161,75
2026-04-24,gold,monthly,OG,MAY26,2026-04-27,5418,4588,100833,94081
2026-04-24,gold,monthly,OG,NOV26,2026-10-27,0,3,3832,2221
2026-04-24,gold,monthly,OG,OCT26,2026-09-24,181,193,25522,6143
2026-04-24,gold,monthly,OG,SEP26,2026-08-26,235,46,14736,8496
2026-04-24,gold,weekly,OG1,MAY26,2026-05-01,863,1567,2066,2451
2026-04-24,gold,weekly,OG2,MAY26,2026-05-08,240,725,321,1012
2026-04-24,gold,weekly,OG3,MAY26,2026-05-15,68,96,101,210
2026-04-24,gold,weekly,OG4,APR26,2026-04-24,1563,2017,0,0
2026-04-24,silver,monthly,SO,APR27,2027-03-25,0,0,0,1
2026-04-24,silver,monthly,SO,AUG26,2026-07-28,9,70,1085,1050
2026-04-24,silver,monthly,SO,DEC26,2026-11-24,30,4,7764,3527
2026-04-24,silver,monthly,SO,DEC27,2027-11-24,0,0,26,25
2026-04-24,silver,monthly,SO,FEB27,2027-01-26,0,0,2,30
2026-04-24,silver,monthly,SO,JAN27,2026-12-28,0,0,819,4
2026-04-24,silver,monthly,SO,JUL26,2026-06-25,428,379,19856,11126
2026-04-24,silver,monthly,SO,JUL27,2027-06-25,0,0,3,0
2026-04-24,silver,monthly,SO,JUN26,2026-05-26,511,790,13602,10930
2026-04-24,silver,monthly,SO,MAR27,2027-02-23,1,0,262,70
2026-04-24,silver,monthly,SO,MAY26,2026-04-27,1031,676,23522,20274
2026-04-24,silver,monthly,SO,NOV26,2026-10-27,6,24,152,265
2026-04-24,silver,monthly,SO,OCT26,2026-09-24,0,25,1154,296
2026-04-24,silver,monthly,SO,SEP26,2026-08-26,19,29,2819,1640
2026-04-24,silver,weekly,SO1,MAY26,2026-05-01,61,65,82,175
2026-04-24,silver,weekly,SO2,MAY26,2026-05-08,4,3,27,13
2026-04-24,silver,weekly,SO3,MAY26,2026-05-15,55,65,66,62
2026-04-24,silver,weekly,SO4,APR26,2026-04-24,205,193,0,0
2026-04-27,gold,monthly,OG,APR27,2027-03-25,0,0,576,275
2026-04-27,gold,monthly,OG,AUG26,2026-07-28,887,499,55761,25635
2026-04-27,gold,monthly,OG,DEC26,2026-11-24,3286,274,99264,24608
2026-04-27,gold,monthly,OG,DEC27,2027-11-24,0,0,1407,1572
2026-04-27,gold,monthly,OG,DEC28,2028-11-27,0,0,100,0
2026-04-27,gold,monthly,OG,FEB27,2027-01-26,4,2,2820,1297
2026-04-27,gold,monthly,OG,JAN27,2026-12-28,0,0,577,280
2026-04-27,gold,monthly,OG,JAN28,2027-12-28,0,0,0,2
2026-04-27,gold,monthly,OG,JUL26,2026-06-25,2459,640,56571,32201
2026-04-27,gold,monthly,OG,JUN26,2026-05-26,11957,16626,171501,105571
2026-04-27,gold,monthly,OG,JUN27,2027-05-25,6,0,7,0
2026-04-27,gold,monthly,OG,MAR27,2027-02-23,0,0,161,75
2026-04-27,gold,monthly,OG,MAY26,2026-04-27,3827,3291,0,0
2026-04-27,gold,monthly,OG,NOV26,2026-10-27,11,0,3833,2221
2026-04-27,gold,monthly,OG,OCT26,2026-09-24,106,40,25599,6180
2026-04-27,gold,monthly,OG,SEP26,2026-08-26,947,58,14649,8546
2026-04-27,gold,weekly,OG1,MAY26,2026-05-01,318,703,2199,2837
2026-04-27,gold,weekly,OG2,MAY26,2026-05-08,362,305,611,1234
2026-04-27,gold,weekly,OG3,MAY26,2026-05-15,266,105,331,295
2026-04-27,gold,weekly,OG4,MAY26,,1,23,1,23
2026-04-27,silver,monthly,SO,APR27,2027-03-25,0,0,0,1
2026-04-27,silver,monthly,SO,AUG26,2026-07-28,40,12,1119,1058
2026-04-27,silver,monthly,SO,DEC26,2026-11-24,2,1,7766,3527
2026-04-27,silver,monthly,SO,DEC27,2027-11-24,0,0,26,25
2026-04-27,silver,monthly,SO,FEB27,2027-01-26,0,0,2,30
2026-04-27,silver,monthly,SO,JAN27,2026-12-28,4,0,823,4
2026-04-27,silver,monthly,SO,JUL26,2026-06-25,215,168,19820,11131
2026-04-27,silver,monthly,SO,JUL27,2027-06-25,0,0,3,0
2026-04-27,silver,monthly,SO,JUN26,2026-05-26,666,480,13857,11191
2026-04-27,silver,monthly,SO,MAR27,2027-02-23,0,0,262,70
2026-04-27,silver,monthly,SO,MAY26,2026-04-27,468,332,0,0
2026-04-27,silver,monthly,SO,NOV26,2026-10-27,13,0,165,265
2026-04-27,silver,monthly,SO,OCT26,2026-09-24,0,1,1154,296
2026-04-27,silver,monthly,SO,SEP26,2026-08-26,22,32,2827,1651
2026-04-27,silver,weekly,SO1,MAY26,2026-05-01,47,30,122,188
2026-04-27,silver,weekly,SO2,MAY26,2026-05-08,9,39,35,35
2026-04-27,silver,weekly,SO3,MAY26,2026-05-15,12,16,78,78
2026-04-28,gold,monthly,OG,APR27,2027-03-25,0,0,576,275
2026-04-28,gold,monthly,OG,AUG26,2026-07-28,1853,2956,56556,27495
2026-04-28,gold,monthly,OG,DEC26,2026-11-24,3193,437,99516,24714
2026-04-28,gold,monthly,OG,DEC27,2027-11-24,0,0,1407,1572
2026-04-28,gold,monthly,OG,DEC28,2028-11-27,0,0,100,0
2026-04-28,gold,monthly,OG,FEB27,2027-01-26,86,20,2906,1314
2026-04-28,gold,monthly,OG,JAN27,2026-12-28,56,14,631,294
2026-04-28,gold,monthly,OG,JAN28,2027-12-28,0,0,0,2
2026-04-28,gold,monthly,OG,JUL26,2026-06-25,2941,2685,57397,33263
2026-04-28,gold,monthly,OG,JUN26,2026-05-26,17730,11396,177166,107967
2026-04-28,gold,monthly,OG,JUN27,2027-05-25,0,0,7,0
2026-04-28,gold,monthly,OG,MAR27,2027-02-23,0,2,161,77
2026-04-28,gold,monthly,OG,NOV26,2026-10-27,384,423,4209,2644
2026-04-28,gold,monthly,OG,OCT26,2026-09-24,1799,176,24699,6274
2026-04-28,gold,monthly,OG,SEP26,2026-08-26,1264,247,14367,8766
2026-04-28,gold,weekly,OG1,MAY26,2026-05-01,1143,1665,2778,3279
2026-04-28,gold,weekly,OG2,MAY26,2026-05-08,953,377,898,1418
2026-04-28,gold,weekly,OG3,MAY26,2026-05-15,211,194,509,452
2026-04-28,gold,weekly,OG4,MAY26,2026-05-22,8,13,5,21
2026-04-28,silver,monthly,SO,APR27,2027-03-25,0,0,0,1
2026-04-28,silver,monthly,SO,AUG26,2026-07-28,123,60,1205,1106
2026-04-28,silver,monthly,SO,DEC26,2026-11-24,17,40,7779,3567
2026-04-28,silver,monthly,SO,DEC27,2027-11-24,0,0,26,25
2026-04-28,silver,monthly,SO,FEB27,2027-01-26,0,0,2,30
2026-04-28,silver,monthly,SO,JAN27,2026-12-28,7,0,829,4
2026-04-28,silver,monthly,SO,JUL26,2026-06-25,1217,603,19729,11307
2026-04-28,silver,monthly,SO,JUL27,2027-06-25,0,0,3,0
2026-04-28,silver,monthly,SO,JUN26,2026-05-26,1009,867,14025,11527
2026-04-28,silver,monthly,SO,MAR27,2027-02-23,0,0,262,70
2026-04-28,silver,monthly,SO,NOV26,2026-10-27,0,0,165,265
2026-04-28,silver,monthly,SO,OCT26,2026-09-24,0,0,1154,296
2026-04-28,silver,monthly,SO,SEP26,2026-08-26,203,18,3012,1668
2026-04-28,silver,weekly,SO1,MAY26,2026-05-01,105,98,174,186
2026-04-28,silver,weekly,SO2,MAY26,2026-05-08,13,69,35,92
2026-04-28,silver,weekly,SO3,MAY26,2026-05-15,8,2,86,80
2026-04-29,gold,monthly,OG,APR27,2027-03-25,0,4,576,279
2026-04-29,gold,monthly,OG,AUG26,2026-07-28,1073,671,57220,27883
2026-04-29,gold,monthly,OG,DEC26,2026-11-24,2581,589,100783,24938
2026-04-29,gold,monthly,OG,DEC27,2027-11-24,0,0,1407,1572
2026-04-29,gold,monthly,OG,DEC28,2028-11-27,0,0,100,0
2026-04-29,gold,monthly,OG,FEB27,2027-01-26,2151,116,5057,1423
2026-04-29,gold,monthly,OG,JAN27,2026-12-28,56,1,681,295
2026-04-29,gold,monthly,OG,JAN28,2027-12-28,0,0,0,2
2026-04-29,gold,monthly,OG,JUL26,2026-06-25,2283,3408,58302,34905
2026-04-29,gold,monthly,OG,JUN26,2026-05-26,16772,14070,183580,109469
2026-04-29,gold,monthly,OG,JUN27,2027-05-25,0,2,7,2
2026-04-29,gold,monthly,OG,MAR27,2027-02-23,0,2,161,79
2026-04-29,gold,monthly,OG,NOV26,2026-10-27,12,0,4214,2644
2026-04-29,gold,monthly,OG,OCT26,2026-09-24,79,7,24769,6271
2026-04-29,gold,monthly,OG,SEP26,2026-08-26,543,574,14798,9149
2026-04-29,gold,weekly,OG1,MAY26,2026-05-01,1419,2878,3702,4440
2026-04-29,gold,weekly,OG2,MAY26,2026-05-08,720,686,1277,1843
2026-04-29,gold,weekly,OG3,MAY26,2026-05-15,352,108,783,534
2026-04-29,gold,weekly,OG4,MAY26,2026-05-22,24,116,27,115
2026-04-29,silver,monthly,SO,APR27,2027-03-25,0,0,0,1
2026-04-29,silver,monthly,SO,AUG26,2026-07-28,153,98,1259,1182
2026-04-29,silver,monthly,SO,DEC26,2026-11-24,99,155,7799,3720
2026-04-29,silver,monthly,SO,DEC27,2027-11-24,0,0,26,25
2026-04-29,silver,monthly,SO,FEB27,2027-01-26,0,0,2,30
2026-04-29,silver,monthly,SO,JAN27,2026-12-28,0,0,829,4
2026-04-29,silver,monthly,SO,JUL26,2026-06-25,764,497,20038,11538
2026-04-29,silver,monthly,SO,JUL27,2027-06-25,0,0,3,0
2026-04-29,silver,monthly,SO,JUN26,2026-05-26,846,997,14051,11669
2026-04-29,silver,monthly,SO,MAR27,2027-02-23,0,2,262,72
2026-04-29,silver,monthly,SO,NOV26,2026-10-27,1,0,165,265
2026-04-29,silver,monthly,SO,OCT26,2026-09-24,0,0,1154,296
2026-04-29,silver,monthly,SO,SEP26,2026-08-26,863,46,3612,1703
2026-04-29,silver,weekly,SO1,MAY26,2026-05-01,46,49,211,221
2026-04-29,silver,weekly,SO2,MAY26,2026-05-08,13,15,46,101
2026-04-29,silver,weekly,SO3,MAY26,2026-05-15,8,1,92,81
2026-04-30,gold,monthly,OG,APR27,2027-03-25,0,0,576,279
2026-04-30,gold,monthly,OG,AUG26,2026-07-28,4004,3070,60008,30340
2026-04-30,gold,monthly,OG,DEC26,2026-11-24,2387,440,103028,25012
2026-04-30,gold,monthly,OG,DEC27,2027-11-24,1,0,1408,1572
2026-04-30,gold,monthly,OG,DEC28,2028-11-27,0,0,100,0
2026-04-30,gold,monthly,OG,FEB27,2027-01-26,10,2,5066,1425
2026-04-30,gold,monthly,OG,JAN27,2026-12-28,34,86,680,379
2026-04-30,gold,monthly,OG,JAN28,2027-12-28,0,0,0,2
2026-04-30,gold,monthly,OG,JUL26,2026-06-25,3397,1206,59696,35046
2026-04-30,gold,monthly,OG,JUN26,2026-05-26,16723,6248,185893,110267
2026-04-30,gold,monthly,OG,JUN27,2027-05-25,2,0,7,2
2026-04-30,gold,monthly,OG,MAR27,2027-02-23,4,24,165,103
2026-04-30,gold,monthly,OG,NOV26,2026-10-27,9,1,4217,2645
2026-04-30,gold,monthly,OG,OCT26,2026-09-24,2086,11,24224,6268
2026-04-30,gold,monthly,OG,SEP26,2026-08-26,46,87,14828,9130
2026-04-30,gold,weekly,OG1,MAY26,2026-05-01,1246,1967,4138,5269
2026-04-30,gold,weekly,OG2,MAY26,2026-05-08,774,681,1799,2022
2026-04-30,gold,weekly,OG3,MAY26,2026-05-15,321,225,784,733
2026-04-30,gold,weekly,OG4,MAY26,2026-05-22,15,13,40,126
2026-04-30,silver,monthly,SO,APR27,2027-03-25,0,0,0,1
2026-04-30,silver,monthly,SO,AUG26,2026-07-28,296,189,1526,1318
2026-04-30,silver,monthly,SO,DEC26,2026-11-24,51,76,7800,3795
2026-04-30,silver,monthly,SO,DEC27,2027-11-24,0,0,26,25
2026-04-30,silver,monthly,SO,FEB27,2027-01-26,1,0,3,30
2026-04-30,silver,monthly,SO,JAN27,2026-12-28,0,0,829,4
2026-04-30,silver,monthly,SO,JUL26,2026-06-25,566,199,20156,11624
2026-04-30,silver,monthly,SO,JUL27,2027-06-25,0,0,3,0
2026-04-30,silver,monthly,SO,JUN26,2026-05-26,4792,568,17584,11889
2026-04-30,silver,monthly,SO,MAR27,2027-02-23,0,0,262,72
2026-04-30,silver,monthly,SO,NOV26,2026-10-27,0,0,165,265
2026-04-30,silver,monthly,SO,OCT26,2026-09-24,121,120,1275,410
2026-04-30,silver,monthly,SO,SEP26,2026-08-26,63,192,3665,1871
2026-04-30,silver,weekly,SO1,MAY26,2026-05-01,89,92,261,256
2026-04-30,silver,weekly,SO2,MAY26,2026-05-08,25,22,69,107
2026-04-30,silver,weekly,SO3,MAY26,2026-05-15,3,6,95,84
2026-04-30,silver,weekly,SO4,MAY26,2026-05-22,1,0,1,0
2026-05-01,gold,monthly,OG,APR27,2027-03-25,0,0,576,279
2026-05-01,gold,monthly,OG,AUG26,2026-07-28,2692,2413,61310,32039
2026-05-01,gold,monthly,OG,DEC26,2026-11-24,1359,186,103728,24967
2026-05-01,gold,monthly,OG,DEC27,2027-11-24,0,0,1408,1572
2026-05-01,gold,monthly,OG,DEC28,2028-11-27,0,0,100,0
2026-05-01,gold,monthly,OG,FEB27,2027-01-26,170,2,5236,1426
2026-05-01,gold,monthly,OG,JAN27,2026-12-28,1,6,680,383
2026-05-01,gold,monthly,OG,JAN28,2027-12-28,0,0,0,2
2026-05-01,gold,monthly,OG,JUL26,2026-06-25,1995,1668,60116,35295
2026-05-01,gold,monthly,OG,JUN26,2026-05-26,12637,5226,187367,111519
2026-05-01,gold,monthly,OG,JUN27,2027-05-25,0,0,7,2
2026-05-01,gold,monthly,OG,MAR27,2027-02-23,6,21,171,124
2026-05-01,gold,monthly,OG,NOV26,2026-10-27,11,22,4228,2667
2026-05-01,gold,monthly,OG,OCT26,2026-09-24,1158,146,24721,6311
2026-05-01,gold,monthly,OG,SEP26,2026-08-26,579,279,15120,9343
2026-05-01,gold,weekly,OG1,MAY26,2026-05-01,2301,2056,0,0
2026-05-01,gold,weekly,OG2,MAY26,2026-05-08,1037,1191,2591,2657
2026-05-01,gold,weekly,OG3,MAY26,2026-05-15,1388,223,2058,890
2026-05-01,gold,weekly,OG4,MAY26,2026-05-22,75,25,111,147
2026-05-01,silver,monthly,SO,APR27,2027-03-25,0,0,0,1
2026-05-01,silver,monthly,SO,AUG26,2026-07-28,162,73,1649,1349
2026-05-01,silver,monthly,SO,DEC26,2026-11-24,8,6,7801,3791
2026-05-01,silver,monthly,SO,DEC27,2027-11-24,0,0,26,25
2026-05-01,silver,monthly,SO,FEB27,2027-01-26,0,0,3,30
2026-05-01,silver,monthly,SO,JAN27,2026-12-28,0,0,829,4
2026-05-01,silver,monthly,SO,JUL26,2026-06-25,1178,424,20770,11628
2026-05-01,silver,monthly,SO,JUL27,2027-06-25,0,0,3,0
2026-05-01,silver,monthly,SO,JUN26,2026-05-26,534,508,17606,12001
2026-05-01,silver,monthly,SO,MAR27,2027-02-23,0,0,262,72
2026-05-01,silver,monthly,SO,NOV26,2026-10-27,14,0,179,265
2026-05-01,silver,monthly,SO,OCT26,2026-09-24,40,1,1315,410
2026-05-01,silver,monthly,SO,SEP26,2026-08-26,19,3,3680,1872
2026-05-01,silver,weekly,SO1,MAY26,2026-05-01,257,160,0,0
2026-05-01,silver,weekly,SO2,MAY26,2026-05-08,113,229,168,297
2026-05-01,silver,weekly,SO3,MAY26,2026-05-15,18,16,101,82
2026-05-01,silver,weekly,SO4,MAY26,2026-05-22,2,1,3,1
2026-05-04,gold,monthly,OG,APR27,2027-03-25,0,0,576,279
2026-05-04,gold,monthly,OG,AUG26,2026-07-28,721,496,61380,32178
2026-05-04,gold,monthly,OG,DEC26,2026-11-24,325,246,103820,24825
2026-05-04,gold,monthly,OG,DEC27,2027-11-24,0,0,1408,1572
2026-05-04,gold,monthly,OG,DEC28,2028-11-27,0,0,100,0
2026-05-04,gold,monthly,OG,FEB27,2027-01-26,0,0,5236,1426
2026-05-04,gold,monthly,OG,JAN27,2026-12-28,1,4,681,385
2026-05-04,gold,monthly,OG,JAN28,2027-12-28,0,0,0,2
2026-05-04,gold,monthly,OG,JUL26,2026-06-25,3252,2322,60829,36594
2026-05-04,gold,monthly,OG,JUN26,2026-05-26,9888,7823,187613,112143
2026-05-04,gold,monthly,OG,JUN27,2027-05-25,0,0,7,2
2026-05-04,gold,monthly,OG,MAR27,2027-02-23,6,0,177,124
2026-05-04,gold,monthly,OG,NOV26,2026-10-27,32,7,4256,2674
2026-05-04,gold,monthly,OG,OCT26,2026-09-24,23,102,24721,6397
2026-05-04,gold,monthly,OG,SEP26,2026-08-26,1220,573,16112,9576
2026-05-04,gold,weekly,OG2,MAY26,2026-05-08,1225,1352,3381,3113
2026-05-04,gold,weekly,OG3,MAY26,2026-05-15,1970,706,3705,1332
2026-05-04,gold,weekly,OG4,MAY26,2026-05-22,30,76,135,216
2026-05-04,silver,monthly,SO,APR27,2027-03-25,0,0,0,1
2026-05-04,silver,monthly,SO,AUG26,2026-07-28,2160,42,3383,1364
2026-05-04,silver,monthly,SO,DEC26,2026-11-24,1,20,7802,3811
2026-05-04,silver,monthly,SO,DEC27,2027-11-24,0,0,26,25
2026-05-04,silver,monthly,SO,FEB27,2027-01-26,0,0,3,30
2026-05-04,silver,monthly,SO,JAN27,2026-12-28,0,0,829,4
2026-05-04,silver,monthly,SO,JUL26,2026-06-25,433,243,20804,11732
2026-05-04,silver,monthly,SO,JUL27,2027-06-25,0,0,3,0
2026-05-04,silver,monthly,SO,JUN26,2026-05-26,436,887,17734,12263
2026-05-04,silver,monthly,SO,MAR27,2027-02-23,60,0,322,72
2026-05-04,silver,monthly,SO,MAY27,2027-04-27,1,0,1,0
2026-05-04,silver,monthly,SO,NOV26,2026-10-27,0,0,179,265
2026-05-04,silver,monthly,SO,OCT26,2026-09-24,0,0,1315,410
2026-05-04,silver,monthly,SO,SEP26,2026-08-26,21,5,3694,1877
2026-05-04,silver,weekly,SO2,MAY26,2026-05-08,45,46,191,325
2026-05-04,silver,weekly,SO3,MAY26,2026-05-15,64,14,116,96
2026-05-04,silver,weekly,SO4,MAY26,2026-05-22,0,0,3,1
2026-05-05,gold,monthly,OG,APR27,2027-03-25,0,0,576,279
2026-05-05,gold,monthly,OG,AUG26,2026-07-28,1359,847,62098,32824
2026-05-05,gold,monthly,OG,DEC26,2026-11-24,3047,623,104365,25109
2026-05-05,gold,monthly,OG,DEC27,2027-11-24,0,0,1408,1572
2026-05-05,gold,monthly,OG,DEC28,2028-11-27,0,0,100,0
2026-05-05,gold,monthly,OG,FEB27,2027-01-26,102,0,5287,1426
2026-05-05,gold,monthly,OG,JAN27,2026-12-28,111,4,750,389
2026-05-05,gold,monthly,OG,JAN28,2027-12-28,0,0,0,2
2026-05-05,gold,monthly,OG,JUL26,2026-06-25,2098,1368,60838,36827
2026-05-05,gold,monthly,OG,JUN26,2026-05-26,10358,7699,188994,116517
2026-05-05,gold,monthly,OG,JUN27,2027-05-25,0,0,7,2
2026-05-05,gold,monthly,OG,MAR27,2027-02-23,1,0,176,124
2026-05-05,gold,monthly,OG,NOV26,2026-10-27,0,1,4256,2674
2026-05-05,gold,monthly,OG,OCT26,2026-09-24,1723,123,26424,6480
2026-05-05,gold,monthly,OG,SEP26,2026-08-26,386,409,16434,9722
2026-05-05,gold,weekly,OG2,MAY26,2026-05-08,1058,777,4028,3377
2026-05-05,gold,weekly,OG3,MAY26,2026-05-15,708,297,3628,1452
2026-05-05,gold,weekly,OG4,MAY26,2026-05-22,65,59,197,272
2026-05-05,silver,monthly,SO,APR27,2027-03-25,0,0,0,1
2026-05-05,silver,monthly,SO,AUG26,2026-07-28,2024,86,5236,1367
2026-05-05,silver,monthly,SO,DEC26,2026-11-24,19,0,7811,3811
2026-05-05,silver,monthly,SO,DEC27,2027-11-24,0,0,26,25
2026-05-05,silver,monthly,SO,FEB27,2027-01-26,0,0,3,30
2026-05-05,silver,monthly,SO,JAN27,2026-12-28,0,0,829,4
2026-05-05,silver,monthly,SO,JUL26,2026-06-25,588,171,21203,11795
2026-05-05,silver,monthly,SO,JUL27,2027-06-25,0,0,3,0
2026-05-05,silver,monthly,SO,JUN26,2026-05-26,372,483,17819,12557
2026-05-05,silver,monthly,SO,MAR27,2027-02-23,150,0,472,72
2026-05-05,silver,monthly,SO,MAY27,2027-04-27,0,0,1,0
2026-05-05,silver,monthly,SO,NOV26,2026-10-27,6,0,173,265
2026-05-05,silver,monthly,SO,OCT26,2026-09-24,1,0,1314,410
2026-05-05,silver,monthly,SO,SEP26,2026-08-26,8,1,3696,1878
2026-05-05,silver,weekly,SO2,MAY26,2026-05-08,49,15,212,334
2026-05-05,silver,weekly,SO3,MAY26,2026-05-15,1,6,117,101
2026-05-05,silver,weekly,SO4,MAY26,2026-05-22,0,0,3,1
2026-05-06,gold,monthly,OG,APR27,2027-03-24,0,0,576,279
2026-05-06,gold,monthly,OG,AUG26,2026-07-28,2205,1937,63150,33777
2026-05-06,gold,monthly,OG,DEC26,2026-11-24,3379,865,106042,25541
2026-05-06,gold,monthly,OG,DEC27,2027-11-24,1,0,1409,1572
2026-05-06,gold,monthly,OG,DEC28,2028-11-27,0,0,100,0
2026-05-06,gold,monthly,OG,FEB27,2027-01-26,50,11,5318,1436
2026-05-06,gold,monthly,OG,JAN27,2026-12-28,7,7,755,391
2026-05-06,gold,monthly,OG,JAN28,2027-12-28,0,0,0,2
2026-05-06,gold,monthly,OG,JUL26,2026-06-25,5538,2713,62505,36895
2026-05-06,gold,monthly,OG,JUN26,2026-05-26,17424,9407,187728,115593
2026-05-06,gold,monthly,OG,JUN27,2027-05-25,0,0,7,2
2026-05-06,gold,monthly,OG,MAR27,2027-02-23,29,15,205,139
2026-05-06,gold,monthly,OG,NOV26,2026-10-27,13,30,4264,2695
2026-05-06,gold,monthly,OG,OCT26,2026-09-24,671,471,26908,6705
2026-05-06,gold,monthly,OG,SEP26,2026-08-26,608,567,16609,10166
2026-05-06,gold,weekly,OG2,MAY26,2026-05-08,1862,4004,4477,6230
2026-05-06,gold,weekly,OG3,MAY26,2026-05-15,1782,590,3179,1801
2026-05-06,gold,weekly,OG4,MAY26,2026-05-22,135,113,245,319
2026-05-06,silver,monthly,SO,APR27,2027-03-25,0,0,0,1
2026-05-06,silver,monthly,SO,AUG26,2026-07-28,1372,206,6406,1470
2026-05-06,silver,monthly,SO,DEC26,2026-11-24,53,1,7857,3812
2026-05-06,silver,monthly,SO,DEC27,2027-11-24,0,0,26,25
2026-05-06,silver,monthly,SO,FEB27,2027-01-26,0,0,3,30
2026-05-06,silver,monthly,SO,JAN27,2026-12-28,0,0,829,4
2026-05-06,silver,monthly,SO,JUL26,2026-06-25,1440,434,21015,11841
2026-05-06,silver,monthly,SO,JUL27,2027-06-25,0,0,3,0
2026-05-06,silver,monthly,SO,JUN26,2026-05-26,1346,1359,18062,12603
2026-05-06,silver,monthly,SO,MAR27,2027-02-23,0,0,472,72
2026-05-06,silver,monthly,SO,MAY27,2027-04-27,0,0,1,0
2026-05-06,silver,monthly,SO,NOV26,2026-10-27,8,1,181,264
2026-05-06,silver,monthly,SO,OCT26,2026-09-24,40,0,1340,410
2026-05-06,silver,monthly,SO,SEP26,2026-08-26,420,93,4012,1915
2026-05-06,silver,weekly,SO2,MAY26,2026-05-08,49,48,219,361
2026-05-06,silver,weekly,SO3,MAY26,2026-05-15,46,25,159,126
2026-05-06,silver,weekly,SO4,MAY26,2026-05-22,5,2,8,3
2026-05-07,gold,monthly,OG,APR27,2027-03-24,0,0,576,279
2026-05-07,gold,monthly,OG,AUG26,2026-07-28,3891,1159,64730,34487
2026-05-07,gold,monthly,OG,DEC26,2026-11-24,1613,329,106714,25643
2026-05-07,gold,monthly,OG,DEC27,2027-11-24,0,0,1409,1572
2026-05-07,gold,monthly,OG,DEC28,2028-11-27,0,0,100,0
2026-05-07,gold,monthly,OG,FEB27,2027-01-26,29,100,5346,1356
2026-05-07,gold,monthly,OG,JAN27,2026-12-28,11,4,755,392
2026-05-07,gold,monthly,OG,JAN28,2027-12-28,0,0,0,2
2026-05-07,gold,monthly,OG,JUL26,2026-06-25,4845,1896,63727,37445
2026-05-07,gold,monthly,OG,JUN26,2026-05-26,15298,4616,186969,116347
2026-05-07,gold,monthly,OG,JUN27,2027-05-25,0,0,7,2
2026-05-07,gold,monthly,OG,MAR27,2027-02-23,250,252,454,391
2026-05-07,gold,monthly,OG,NOV26,2026-10-27,210,11,4469,2706
2026-05-07,gold,monthly,OG,OCT26,2026-09-24,198,634,26985,6881
2026-05-07,gold,monthly,OG,SEP26,2026-08-26,2896,721,18688,10871
2026-05-07,gold,weekly,OG2,MAY26,2026-05-08,2227,2254,4882,7345
2026-05-07,gold,weekly,OG3,MAY26,2026-05-15,826,434,3599,1973
2026-05-07,gold,weekly,OG4,MAY26,2026-05-22,155,114,380,402
2026-05-07,silver,monthly,SO,APR27,2027-03-25,0,0,0,1
2026-05-07,silver,monthly,SO,AUG26,2026-07-28,890,323,7017,1686
2026-05-07,silver,monthly,SO,DEC26,2026-11-24,389,15,8050,3819
2026-05-07,silver,monthly,SO,DEC27,2027-11-24,0,0,26,25
2026-05-07,silver,monthly,SO,FEB27,2027-01-26,0,0,3,30
2026-05-07,silver,monthly,SO,JAN27,2026-12-28,20,0,839,4
2026-05-07,silver,monthly,SO,JUL26,2026-06-25,2641,948,21710,12126
2026-05-07,silver,monthly,SO,JUL27,2027-06-25,0,0,3,0
2026-05-07,silver,monthly,SO,JUN26,2026-05-26,4350,1339,19162,12860
2026-05-07,silver,monthly,SO,MAR27,2027-02-23,0,0,472,72
2026-05-07,silver,monthly,SO,MAY27,2027-04-27,0,0,1,0
2026-05-07,silver,monthly,SO,NOV26,2026-10-27,9,0,180,264
2026-05-07,silver,monthly,SO,OCT26,2026-09-24,8,4,1342,410
2026-05-07,silver,monthly,SO,SEP26,2026-08-26,350,271,4328,2172
2026-05-07,silver,weekly,SO2,MAY26,2026-05-08,122,137,305,445
2026-05-07,silver,weekly,SO3,MAY26,2026-05-15,61,67,203,174
2026-05-07,silver,weekly,SO4,MAY26,2026-05-22,17,0,13,3
2026-05-08,gold,monthly,OG,APR27,2027-03-24,0,0,576,279
2026-05-08,gold,monthly,OG,AUG26,2026-07-28,1031,927,65230,34903
2026-05-08,gold,monthly,OG,DEC26,2026-11-24,806,5,107184,25648
2026-05-08,gold,monthly,OG,DEC27,2027-11-24,0,0,1409,1572
2026-05-08,gold,monthly,OG,DEC28,2028-11-27,0,0,100,0
2026-05-08,gold,monthly,OG,FEB27,2027-01-26,1,5,5347,1359
2026-05-08,gold,monthly,OG,JAN27,2026-12-28,0,4,755,396
2026-05-08,gold,monthly,OG,JAN28,2027-12-28,0,0,0,2
2026-05-08,gold,monthly,OG,JUL26,2026-06-25,1216,1504,64062,38180
2026-05-08,gold,monthly,OG,JUN26,2026-05-26,11172,10890,188277,115044
2026-05-08,gold,monthly,OG,JUN27,2027-05-25,600,600,607,602
2026-05-08,gold,monthly,OG,MAR27,2027-02-23,0,11,454,402
2026-05-08,gold,monthly,OG,NOV26,2026-10-27,69,10,4480,2716
2026-05-08,gold,monthly,OG,OCT26,2026-09-24,126,82,27087,6957
2026-05-08,gold,monthly,OG,SEP26,2026-08-26,397,239,18846,10986
2026-05-08,gold,weekly,OG2,MAY26,2026-05-08,4770,4589,0,0
2026-05-08,gold,weekly,OG3,MAY26,2026-05-15,1508,1030,4630,2850
2026-05-08,gold,weekly,OG4,MAY26,2026-05-22,1047,43,1425,418
2026-05-08,silver,monthly,SO,APR27,2027-03-25,0,0,0,1
2026-05-08,silver,monthly,SO,AUG26,2026-07-28,87,137,7070,1769
2026-05-08,silver,monthly,SO,DEC26,2026-11-24,322,48,8341,3819
2026-05-08,silver,monthly,SO,DEC27,2027-11-24,0,0,26,25
2026-05-08,silver,monthly,SO,FEB27,2027-01-26,0,0,3,30
2026-05-08,silver,monthly,SO,JAN27,2026-12-28,8,0,845,4
2026-05-08,silver,monthly,SO,JUL26,2026-06-25,800,303,22077,12271
2026-05-08,silver,monthly,SO,JUL27,2027-06-25,0,0,3,0
2026-05-08,silver,monthly,SO,JUN26,2026-05-26,1050,851,19380,13120
2026-05-08,silver,monthly,SO,MAR27,2027-02-23,0,16,472,88
2026-05-08,silver,monthly,SO,MAY27,2027-04-27,0,0,1,0
2026-05-08,silver,monthly,SO,NOV26,2026-10-27,11,0,179,264
2026-05-08,silver,monthly,SO,OCT26,2026-09-24,0,2,1342,412
2026-05-08,silver,monthly,SO,SEP26,2026-08-26,87,39,4386,2207
2026-05-08,silver,weekly,SO2,MAY26,2026-05-08,87,82,0,0
2026-05-08,silver,weekly,SO3,MAY26,2026-05-15,54,140,244,275
2026-05-08,silver,weekly,SO4,MAY26,2026-05-22,107,0,120,3
2026-05-11,gold,monthly,OG,APR27,2027-03-24,0,15,576,294
2026-05-11,gold,monthly,OG,AUG26,2026-07-28,2388,1078,65671,35507
2026-05-11,gold,monthly,OG,DEC26,2026-11-24,1604,62,107816,25694
2026-05-11,gold,monthly,OG,DEC27,2027-11-24,0,0,1409,1572
2026-05-11,gold,monthly,OG,DEC28,2028-11-27,0,0,100,0
2026-05-11,gold,monthly,OG,FEB27,2027-01-26,415,0,5628,1359
2026-05-11,gold,monthly,OG,JAN27,2026-12-28,1,2,756,398
2026-05-11,gold,monthly,OG,JAN28,2027-12-28,0,0,0,2
2026-05-11,gold,monthly,OG,JUL26,2026-06-25,2541,940,64427,38256
2026-05-11,gold,monthly,OG,JUN26,2026-05-26,12994,4775,188247,117028
2026-05-11,gold,monthly,OG,JUN27,2027-05-25,0,0,607,602
2026-05-11,gold,monthly,OG,MAR27,2027-02-23,0,0,454,402
2026-05-11,gold,monthly,OG,NOV26,2026-10-27,85,30,4526,2745
2026-05-11,gold,monthly,OG,OCT26,2026-09-24,891,46,27319,6956
2026-05-11,gold,monthly,OG,SEP26,2026-08-26,215,20,18798,10992
2026-05-11,gold,weekly,OG1,JUN26,2026-06-05,14,37,14,37
2026-05-11,gold,weekly,OG3,MAY26,2026-05-15,895,903,4775,3337
2026-05-11,gold,weekly,OG4,MAY26,2026-05-22,109,117,1476,485
2026-05-11,silver,monthly,SO,APR27,2027-03-25,0,0,0,1
2026-05-11,silver,monthly,SO,AUG26,2026-07-28,1034,100,7617,1831
2026-05-11,silver,monthly,SO,DEC26,2026-11-24,380,88,8438,3843
2026-05-11,silver,monthly,SO,DEC27,2027-11-24,0,0,26,25
2026-05-11,silver,monthly,SO,FEB27,2027-01-26,8,0,11,30
2026-05-11,silver,monthly,SO,JAN27,2026-12-28,1,10,844,14
2026-05-11,silver,monthly,SO,JUL26,2026-06-25,2933,868,22653,12721
2026-05-11,silver,monthly,SO,JUL27,2027-06-25,0,0,3,0
2026-05-11,silver,monthly,SO,JUN26,2026-05-26,3000,1200,19496,13681
2026-05-11,silver,monthly,SO,MAR27,2027-02-23,0,0,472,88
2026-05-11,silver,monthly,SO,MAY27,2027-04-27,0,0,1,0
2026-05-11,silver,monthly,SO,NOV26,2026-10-27,6,0,182,264
2026-05-11,silver,monthly,SO,OCT26,2026-09-24,241,2,1356,414
2026-05-11,silver,monthly,SO,SEP26,2026-08-26,439,91,4679,2182
2026-05-11,silver,weekly,SO3,MAY26,2026-05-15,174,129,295,316
2026-05-11,silver,weekly,SO4,MAY26,2026-05-22,102,4,185,3
2026-05-14,gold,monthly,OG,APR27,2027-03-24,0,0,576,294
2026-05-14,gold,monthly,OG,AUG26,2026-07-28,1659,1820,67417,37638
2026-05-14,gold,monthly,OG,DEC26,2026-11-24,470,20,108627,26647
2026-05-14,gold,monthly,OG,DEC27,2027-11-24,0,0,1409,1572
2026-05-14,gold,monthly,OG,DEC28,2028-11-27,0,0,100,0
2026-05-14,gold,monthly,OG,FEB27,2027-01-26,1,0,5984,1374
2026-05-14,gold,monthly,OG,JAN27,2026-12-28,1103,1500,1864,1898
2026-05-14,gold,monthly,OG,JAN28,2027-12-28,0,0,0,2
2026-05-14,gold,monthly,OG,JUL26,2026-06-25,4479,3617,67154,41314
2026-05-14,gold,monthly,OG,JUN26,2026-05-26,24260,4558,186992,118729
2026-05-14,gold,monthly,OG,JUN27,2027-05-25,0,0,608,602
2026-05-14,gold,monthly,OG,MAR27,2027-02-23,1,20,459,422
2026-05-14,gold,monthly,OG,NOV26,2026-10-27,1,7,4190,3147
2026-05-14,gold,monthly,OG,OCT26,2026-09-24,371,53,27890,7155
2026-05-14,gold,monthly,OG,SEP26,2026-08-26,106,45,18039,11442
2026-05-14,gold,weekly,OG1,JUN26,2026-06-05,8,10,48,123
2026-05-14,gold,weekly,OG3,MAY26,2026-05-15,1951,1948,5095,4758
2026-05-14,gold,weekly,OG4,MAY26,2026-05-22,438,409,2174,970
2026-05-14,silver,monthly,SO,APR27,2027-03-25,0,0,0,1
2026-05-14,silver,monthly,SO,AUG26,2026-07-28,1474,98,6905,2198
2026-05-14,silver,monthly,SO,DEC26,2026-11-24,136,0,8640,3863
2026-05-14,silver,monthly,SO,DEC27,2027-11-24,0,0,26,25
2026-05-14,silver,monthly,SO,FEB27,2027-01-26,0,0,11,30
2026-05-14,silver,monthly,SO,JAN27,2026-12-28,11,0,866,64
2026-05-14,silver,monthly,SO,JUL26,2026-06-25,1818,696,24251,13416
2026-05-14,silver,monthly,SO,JUL27,2027-06-25,0,0,3,0
2026-05-14,silver,monthly,SO,JUN26,2026-05-26,1904,848,17561,14821
2026-05-14,silver,monthly,SO,MAR27,2027-02-23,40,0,529,91
2026-05-14,silver,monthly,SO,MAY27,2027-04-27,0,0,1,0
2026-05-14,silver,monthly,SO,NOV26,2026-10-27,0,1,182,265
2026-05-14,silver,monthly,SO,OCT26,2026-09-24,0,0,1371,415
2026-05-14,silver,monthly,SO,SEP26,2026-08-26,58,184,4961,2539
2026-05-14,silver,weekly,SO1,JUN26,2026-06-05,0,0,1,0
2026-05-14,silver,weekly,SO3,MAY26,2026-05-15,137,153,864,651
2026-05-14,silver,weekly,SO4,MAY26,2026-05-22,24,19,294,32
2026-05-15,gold,monthly,OG,APR27,2027-03-24,0,0,576,294
2026-05-15,gold,monthly,OG,AUG26,2026-07-28,6222,1552,69963,38452
2026-05-15,gold,monthly,OG,DEC26,2026-11-24,2730,956,108901,26742
2026-05-15,gold,monthly,OG,DEC27,2027-11-24,0,0,1409,1572
2026-05-15,gold,monthly,OG,DEC28,2028-11-27,0,0,100,0
2026-05-15,gold,monthly,OG,FEB27,2027-01-26,12,0,5995,1374
2026-05-15,gold,monthly,OG,JAN27,2026-12-28,1,4,1863,1899
2026-05-15,gold,monthly,OG,JAN28,2027-12-28,0,0,0,2
2026-05-15,gold,monthly,OG,JUL26,2026-06-25,10194,11399,69146,45603
2026-05-15,gold,monthly,OG,JUN26,2026-05-26,37136,15513,181078,120370
2026-05-15,gold,monthly,OG,JUN27,2027-05-25,0,0,608,602
2026-05-15,gold,monthly,OG,MAR27,2027-02-23,6,16,465,438
2026-05-15,gold,monthly,OG,NOV26,2026-10-27,10,66,4192,3203
2026-05-15,gold,monthly,OG,OCT26,2026-09-24,1153,66,28101,7191
2026-05-15,gold,monthly,OG,SEP26,2026-08-26,682,754,18292,11910
2026-05-15,gold,weekly,OG1,JUN26,2026-06-05,451,117,489,224
2026-05-15,gold,weekly,OG3,MAY26,2026-05-15,4318,5037,0,0
2026-05-15,gold,weekly,OG4,MAY26,2026-05-22,785,1243,2581,1698
2026-05-15,silver,monthly,SO,APR27,2027-03-25,0,0,0,1
2026-05-15,silver,monthly,SO,AUG26,2026-07-28,555,787,7334,2696
2026-05-15,silver,monthly,SO,DEC26,2026-11-24,178,3,8651,3864
2026-05-15,silver,monthly,SO,DEC27,2027-11-24,0,0,26,25
2026-05-15,silver,monthly,SO,FEB27,2027-01-26,1,0,12,30
2026-05-15,silver,monthly,SO,JAN27,2026-12-28,3,5,865,69
2026-05-15,silver,monthly,SO,JUL26,2026-06-25,8432,2040,29086,14039
2026-05-15,silver,monthly,SO,JUL27,2027-06-25,0,0,3,0
2026-05-15,silver,monthly,SO,JUN26,2026-05-26,4619,2699,18723,14700
2026-05-15,silver,monthly,SO,MAR27,2027-02-23,0,0,529,91
2026-05-15,silver,monthly,SO,MAY27,2027-04-27,0,0,1,0
2026-05-15,silver,monthly,SO,NOV26,2026-10-27,2,0,184,265
2026-05-15,silver,monthly,SO,OCT26,2026-09-24,40,6,1348,421
2026-05-15,silver,monthly,SO,SEP26,2026-08-26,421,41,4805,2529
2026-05-15,silver,weekly,SO1,JUN26,2026-06-05,221,3,221,3
2026-05-15,silver,weekly,SO3,MAY26,2026-05-15,544,254,0,0
2026-05-15,silver,weekly,SO4,MAY26,2026-05-22,39,48,318,60
2026-05-18,gold,monthly,OG,APR27,2027-03-24,0,0,576,294
2026-05-18,gold,monthly,OG,AUG26,2026-07-28,2747,1165,70706,38609
2026-05-18,gold,monthly,OG,DEC26,2026-11-24,304,602,108981,26898
2026-05-18,gold,monthly,OG,DEC27,2027-11-24,1,0,1409,1572
2026-05-18,gold,monthly,OG,DEC28,2028-11-27,0,0,100,0
2026-05-18,gold,monthly,OG,FEB27,2027-01-26,0,0,5995,1374
2026-05-18,gold,monthly,OG,JAN27,2026-12-28,50,7,1859,1906
2026-05-18,gold,monthly,OG,JAN28,2027-12-28,0,0,0,2
2026-05-18,gold,monthly,OG,JUL26,2026-06-25,4812,4009,71209,47766
2026-05-18,gold,monthly,OG,JUN26,2026-05-26,16410,5891,180781,119150
2026-05-18,gold,monthly,OG,JUN27,2027-05-25,1,0,609,602
2026-05-18,gold,monthly,OG,MAR27,2027-02-23,75,37,536,475
2026-05-18,gold,monthly,OG,NOV26,2026-10-27,57,0,4243,3203
2026-05-18,gold,monthly,OG,OCT26,2026-09-24,626,192,27595,7358
2026-05-18,gold,monthly,OG,SEP26,2026-08-26,998,238,18782,12105
2026-05-18,gold,weekly,OG1,JUN26,2026-06-05,461,102,418,315
2026-05-18,gold,weekly,OG2,JUN26,2026-06-12,0,98,0,98
2026-05-18,gold,weekly,OG4,MAY26,2026-05-22,597,667,2887,1931
2026-05-18,silver,monthly,SO,APR27,2027-03-25,0,0,0,1
2026-05-18,silver,monthly,SO,AUG26,2026-07-28,1359,386,8510,2985
2026-05-18,silver,monthly,SO,DEC26,2026-11-24,125,0,8694,3864
2026-05-18,silver,monthly,SO,DEC27,2027-11-24,0,0,26,25
2026-05-18,silver,monthly,SO,FEB27,2027-01-26,0,1,12,31
2026-05-18,silver,monthly,SO,JAN27,2026-12-28,2,3,867,68
2026-05-18,silver,monthly,SO,JUL26,2026-06-25,2792,441,31115,14186
2026-05-18,silver,monthly,SO,JUL27,2027-06-25,0,0,3,0
2026-05-18,silver,monthly,SO,JUN26,2026-05-26,1439,1241,18529,14517
2026-05-18,silver,monthly,SO,MAR27,2027-02-23,0,0,529,91
2026-05-18,silver,monthly,SO,MAY27,2027-04-27,0,0,1,0
2026-05-18,silver,monthly,SO,NOV26,2026-10-27,0,1,184,266
2026-05-18,silver,monthly,SO,OCT26,2026-09-24,1,2,1349,423
2026-05-18,silver,monthly,SO,SEP26,2026-08-26,463,171,4782,2603
2026-05-18,silver,weekly,SO1,JUN26,2026-06-05,12,0,232,3
2026-05-18,silver,weekly,SO4,MAY26,2026-05-22,47,45,359,86
2026-05-19,gold,monthly,OG,APR27,2027-03-24,1,0,577,294
2026-05-19,gold,monthly,OG,AUG26,2026-07-28,1742,1976,71544,39068
2026-05-19,gold,monthly,OG,DEC26,2026-11-24,3673,882,110974,27183
2026-05-19,gold,monthly,OG,DEC27,2027-11-24,1,0,1410,1572
2026-05-19,gold,monthly,OG,DEC28,2028-11-27,0,0,100,0
2026-05-19,gold,monthly,OG,FEB27,2027-01-26,1053,2,7047,1374
2026-05-19,gold,monthly,OG,JAN27,2026-12-28,3,9,1861,1915
2026-05-19,gold,monthly,OG,JAN28,2027-12-28,0,0,0,2
2026-05-19,gold,monthly,OG,JUL26,2026-06-25,6105,5278,73654,49431
2026-05-19,gold,monthly,OG,JUN26,2026-05-26,15256,12011,179221,118702
2026-05-19,gold,monthly,OG,JUN27,2027-05-25,0,0,609,602
2026-05-19,gold,monthly,OG,MAR27,2027-02-23,482,451,956,926
2026-05-19,gold,monthly,OG,NOV26,2026-10-27,58,105,4297,3308
2026-05-19,gold,monthly,OG,OCT26,2026-09-24,216,41,27586,7364
2026-05-19,gold,monthly,OG,SEP26,2026-08-26,2709,260,20719,12150
2026-05-19,gold,weekly,OG1,JUN26,2026-06-05,201,86,575,368
2026-05-19,gold,weekly,OG2,JUN26,2026-06-12,18,525,18,623
2026-05-19,gold,weekly,OG4,MAY26,2026-05-22,502,542,3100,2086
2026-05-19,silver,monthly,SO,APR27,2027-03-25,0,0,0,1
2026-05-19,silver,monthly,SO,AUG26,2026-07-28,573,586,8612,3318
2026-05-19,silver,monthly,SO,DEC26,2026-11-24,338,1,8603,3865
2026-05-19,silver,monthly,SO,DEC27,2027-11-24,0,0,26,25
2026-05-19,silver,monthly,SO,FEB27,2027-01-26,0,0,12,31
2026-05-19,silver,monthly,SO,JAN27,2026-12-28,2,0,865,68
2026-05-19,silver,monthly,SO,JUL26,2026-06-25,2217,663,30625,14399
2026-05-19,silver,monthly,SO,JUL27,2027-06-25,0,0,3,0
2026-05-19,silver,monthly,SO,JUN26,2026-05-26,967,1214,18685,14609
2026-05-19,silver,monthly,SO,MAR27,2027-02-23,0,0,529,91
2026-05-19,silver,monthly,SO,MAY27,2027-04-27,0,0,1,0
2026-05-19,silver,monthly,SO,NOV26,2026-10-27,1,12,184,278
2026-05-19,silver,monthly,SO,OCT26,2026-09-24,9,1,1358,424
2026-05-19,silver,monthly,SO,SEP26,2026-08-26,207,103,4776,2643
2026-05-19,silver,weekly,SO1,JUN26,2026-06-05,2,0,234,3
2026-05-19,silver,weekly,SO4,MAY26,2026-05-22,54,196,396,275
2026-05-20,gold,monthly,OG,APR27,2027-03-24,0,1,577,295
2026-05-20,gold,monthly,OG,AUG26,2026-07-28,2623,1332,72889,39593
2026-05-20,gold,monthly,OG,DEC26,2026-11-24,1515,756,111651,27765
2026-05-20,gold,monthly,OG,DEC27,2027-11-24,0,0,1410,1572
2026-05-20,gold,monthly,OG,DEC28,2028-11-27,0,0,100,0
2026-05-20,gold,monthly,OG,FEB27,2027-01-26,45,0,7091,1374
2026-05-20,gold,monthly,OG,JAN27,2026-12-28,6,3,1864,1917
2026-05-20,gold,monthly,OG,JAN28,2027-12-28,0,0,0,2
2026-05-20,gold,monthly,OG,JUL26,2026-06-25,6209,3707,76708,49927
2026-05-20,gold,monthly,OG,JUN26,2026-05-26,24693,9016,180410,117519
2026-05-20,gold,monthly,OG,JUN27,2027-05-25,0,0,609,602
2026-05-20,gold,monthly,OG,MAR27,2027-02-23,600,600,1556,1526
2026-05-20,gold,monthly,OG,NOV26,2026-10-27,1829,104,6119,3410
2026-05-20,gold,monthly,OG,OCT26,2026-09-24,358,147,27895,7463
2026-05-20,gold,monthly,OG,SEP26,2026-08-26,2697,1198,20923,12432
2026-05-20,gold,weekly,OG1,JUN26,2026-06-05,51,312,599,580
2026-05-20,gold,weekly,OG2,JUN26,2026-06-12,492,540,507,466
2026-05-20,gold,weekly,OG4,MAY26,2026-05-22,1252,818,3804,2521
2026-05-20,silver,monthly,SO,APR27,2027-03-25,0,0,0,1
2026-05-20,silver,monthly,SO,AUG26,2026-07-28,248,211,8809,3418
2026-05-20,silver,monthly,SO,DEC26,2026-11-24,34,0,8626,3865
2026-05-20,silver,monthly,SO,DEC27,2027-11-24,0,0,26,25
2026-05-20,silver,monthly,SO,FEB27,2027-01-26,0,0,12,31
2026-05-20,silver,monthly,SO,JAN27,2026-12-28,0,0,865,68
2026-05-20,silver,monthly,SO,JUL26,2026-06-25,688,448,30736,14533
2026-05-20,silver,monthly,SO,JUL27,2027-06-25,0,0,3,0
2026-05-20,silver,monthly,SO,JUN26,2026-05-26,3917,1177,20886,14481
2026-05-20,silver,monthly,SO,MAR27,2027-02-23,0,0,529,91
2026-05-20,silver,monthly,SO,MAY27,2027-04-27,0,0,1,0
2026-05-20,silver,monthly,SO,NOV26,2026-10-27,150,0,333,278
2026-05-20,silver,monthly,SO,OCT26,2026-09-24,10,75,1362,435
2026-05-20,silver,monthly,SO,SEP26,2026-08-26,18,103,4790,2716
2026-05-20,silver,weekly,SO1,JUN26,2026-06-05,232,21,464,22
2026-05-20,silver,weekly,SO4,MAY26,2026-05-22,62,100,439,333
2026-05-21,gold,monthly,OG,APR27,2027-03-24,0,0,577,295
2026-05-21,gold,monthly,OG,AUG26,2026-07-28,2432,1168,73700,40006
2026-05-21,gold,monthly,OG,DEC26,2026-11-24,1423,418,112631,28082
2026-05-21,gold,monthly,OG,DEC27,2027-11-24,0,0,1410,1572
2026-05-21,gold,monthly,OG,DEC28,2028-11-27,0,0,100,0
2026-05-21,gold,monthly,OG,FEB27,2027-01-26,2100,7,9191,1381
2026-05-21,gold,monthly,OG,JAN27,2026-12-28,6,13,1868,1930
2026-05-21,gold,monthly,OG,JAN28,2027-12-28,0,0,0,2
2026-05-21,gold,monthly,OG,JUL26,2026-06-25,2120,3871,77251,51550
2026-05-21,gold,monthly,OG,JUN26,2026-05-26,18057,5987,179416,116731
2026-05-21,gold,monthly,OG,JUN27,2027-05-25,0,0,609,602
2026-05-21,gold,monthly,OG,MAR27,2027-02-23,7,8,1563,1533
2026-05-21,gold,monthly,OG,NOV26,2026-10-27,32,44,6149,3437
2026-05-21,gold,monthly,OG,OCT26,2026-09-24,506,148,28189,7392
2026-05-21,gold,monthly,OG,SEP26,2026-08-26,12535,403,30051,12777
2026-05-21,gold,weekly,OG1,JUN26,2026-06-05,75,235,619,792
2026-05-21,gold,weekly,OG2,JUN26,2026-06-12,16,81,523,542
2026-05-21,gold,weekly,OG4,MAY26,2026-05-22,2330,1823,5115,3155
2026-05-21,silver,monthly,SO,APR27,2027-03-25,0,0,0,1
2026-05-21,silver,monthly,SO,AUG26,2026-07-28,456,52,9013,3448
2026-05-21,silver,monthly,SO,DEC26,2026-11-24,4,0,8628,3865
2026-05-21,silver,monthly,SO,DEC27,2027-11-24,0,0,26,25
2026-05-21,silver,monthly,SO,FEB27,2027-01-26,0,0,12,31
2026-05-21,silver,monthly,SO,JAN27,2026-12-28,0,0,865,68
2026-05-21,silver,monthly,SO,JUL26,2026-06-25,3956,404,31364,14662
2026-05-21,silver,monthly,SO,JUL27,2027-06-25,0,0,3,0
2026-05-21,silver,monthly,SO,JUN26,2026-05-26,1910,1222,20315,14379
2026-05-21,silver,monthly,SO,MAR27,2027-02-23,2,51,531,142
2026-05-21,silver,monthly,SO,MAY27,2027-04-27,0,0,1,0
2026-05-21,silver,monthly,SO,NOV26,2026-10-27,0,0,333,278
2026-05-21,silver,monthly,SO,OCT26,2026-09-24,0,0,1362,435
2026-05-21,silver,monthly,SO,SEP26,2026-08-26,54,150,4794,2852
2026-05-21,silver,weekly,SO1,JUN26,2026-06-05,120,27,584,48
2026-05-21,silver,weekly,SO4,MAY26,2026-05-22,38,82,452,383
2026-05-22,gold,monthly,OG,APR27,2027-03-24,0,0,577,295
2026-05-22,gold,monthly,OG,AUG26,2026-07-28,2138,1119,74324,40419
2026-05-22,gold,monthly,OG,DEC26,2026-11-24,2248,876,114029,28301
2026-05-22,gold,monthly,OG,DEC27,2027-11-24,0,0,1410,1572
2026-05-22,gold,monthly,OG,DEC28,2028-11-27,0,0,100,0
2026-05-22,gold,monthly,OG,FEB27,2027-01-26,108,10,9299,1391
2026-05-22,gold,monthly,OG,JAN27,2026-12-28,51,0,1896,1930
2026-05-22,gold,monthly,OG,JAN28,2027-12-28,0,0,0,2
2026-05-22,gold,monthly,OG,JUL26,2026-06-25,4434,2418,77129,52371
2026-05-22,gold,monthly,OG,JUN26,2026-05-26,21083,10711,180543,116297
2026-05-22,gold,monthly,OG,JUN27,2027-05-25,0,0,609,602
2026-05-22,gold,monthly,OG,MAR27,2027-02-23,0,0,1563,1533
2026-05-22,gold,monthly,OG,NOV26,2026-10-27,57,52,6191,3483
2026-05-22,gold,monthly,OG,OCT26,2026-09-24,1049,177,28984,7501
2026-05-22,gold,monthly,OG,SEP26,2026-08-26,2356,250,31546,13006
2026-05-22,gold,weekly,OG1,JUN26,2026-06-05,122,288,667,920
2026-05-22,gold,weekly,OG2,JUN26,2026-06-12,484,225,207,728
2026-05-22,gold,weekly,OG4,MAY26,2026-05-22,5584,4864,0,0
2026-05-22,silver,monthly,SO,APR27,2027-03-25,0,0,0,1
2026-05-22,silver,monthly,SO,AUG26,2026-07-28,104,62,9089,3492
2026-05-22,silver,monthly,SO,DEC26,2026-11-24,62,36,8664,3865
2026-05-22,silver,monthly,SO,DEC27,2027-11-24,0,0,26,25
2026-05-22,silver,monthly,SO,FEB27,2027-01-26,0,0,12,31
2026-05-22,silver,monthly,SO,JAN27,2026-12-28,1,27,866,92
2026-05-22,silver,monthly,SO,JUL26,2026-06-25,635,452,31539,14823
2026-05-22,silver,monthly,SO,JUL27,2027-06-25,0,0,3,0
2026-05-22,silver,monthly,SO,JUN26,2026-05-26,2506,1144,20654,14468
2026-05-22,silver,monthly,SO,MAR27,2027-02-23,1,0,532,142
2026-05-22,silver,monthly,SO,MAY27,2027-04-27,0,0,1,0
2026-05-22,silver,monthly,SO,NOV26,2026-10-27,0,0,333,278
2026-05-22,silver,monthly,SO,OCT26,2026-09-24,2,2,1364,436
2026-05-22,silver,monthly,SO,SEP26,2026-08-26,364,44,4944,2891
2026-05-22,silver,weekly,SO1,JUN26,2026-06-05,6,13,584,61
2026-05-22,silver,weekly,SO2,JUN26,2026-06-12,1,0,1,0
2026-05-22,silver,weekly,SO4,MAY26,2026-05-22,41,158,0,0
2026-05-26,gold,monthly,OG,APR27,2027-03-24,0,0,577,295
2026-05-26,gold,monthly,OG,AUG26,2026-07-28,6988,2346,79350,41311
2026-05-26,gold,monthly,OG,DEC26,2026-11-24,3214,314,116084,28433
2026-05-26,gold,monthly,OG,DEC27,2027-11-24,1,0,1410,1572
2026-05-26,gold,monthly,OG,DEC28,2028-11-27,0,0,100,0
2026-05-26,gold,monthly,OG,FEB27,2027-01-26,38,61,9334,1449
2026-05-26,gold,monthly,OG,JAN27,2026-12-28,22,3,1905,1933
2026-05-26,gold,monthly,OG,JAN28,2027-12-28,0,0,0,2
2026-05-26,gold,monthly,OG,JUL26,2026-06-25,9309,6621,78547,54282
2026-05-26,gold,monthly,OG,JUN26,2026-05-26,9607,9337,0,0
2026-05-26,gold,monthly,OG,JUN27,2027-05-25,0,0,609,602
2026-05-26,gold,monthly,OG,MAR27,2027-02-23,3,1,1566,1534
2026-05-26,gold,monthly,OG,NOV26,2026-10-27,1,4,6190,3483
2026-05-26,gold,monthly,OG,OCT26,2026-09-24,368,92,29139,7532
2026-05-26,gold,monthly,OG,SEP26,2026-08-26,2339,215,33609,13141
2026-05-26,gold,weekly,OG1,JUN26,2026-06-05,257,602,835,1190
2026-05-26,gold,weekly,OG2,JUN26,2026-06-12,81,235,284,942
2026-05-26,gold,weekly,OG4,JUN26,,10,24,8,22
2026-05-26,silver,monthly,SO,APR27,2027-03-25,0,0,0,1
2026-05-26,silver,monthly,SO,AUG26,2026-07-28,3801,334,12273,3666
2026-05-26,silver,monthly,SO,DEC26,2026-11-24,63,1,8722,3866
2026-05-26,silver,monthly,SO,DEC27,2027-11-24,0,0,26,25
2026-05-26,silver,monthly,SO,FEB27,2027-01-26,0,0,12,31
2026-05-26,silver,monthly,SO,JAN27,2026-12-28,1,0,867,92
2026-05-26,silver,monthly,SO,JUL26,2026-06-25,1859,1203,31675,15066
2026-05-26,silver,monthly,SO,JUL27,2027-06-25,0,0,3,0
2026-05-26,silver,monthly,SO,JUN26,2026-05-26,2333,1762,0,0
2026-05-26,silver,monthly,SO,MAR27,2027-02-23,5,1,537,143
2026-05-26,silver,monthly,SO,MAY27,2027-04-27,0,0,1,0
2026-05-26,silver,monthly,SO,NOV26,2026-10-27,0,1,333,278
2026-05-26,silver,monthly,SO,OCT26,2026-09-24,125,2,1324,437
2026-05-26,silver,monthly,SO,SEP26,2026-08-26,122,34,5015,2892
2026-05-26,silver,weekly,SO1,JUN26,2026-06-05,31,95,598,114
2026-05-26,silver,weekly,SO2,JUN26,2026-06-12,9,3,10,3
2026-05-27,gold,monthly,OG,APR27,2027-03-24,0,0,577,295
2026-05-27,gold,monthly,OG,AUG26,2026-07-28,6669,3732,79944,42428
2026-05-27,gold,monthly,OG,DEC26,2026-11-24,1548,631,116922,28827
2026-05-27,gold,monthly,OG,DEC27,2027-11-24,1,0,1410,1572
2026-05-27,gold,monthly,OG,DEC28,2028-11-27,0,0,100,0
2026-05-27,gold,monthly,OG,FEB27,2027-01-26,2,4,9333,1448
2026-05-27,gold,monthly,OG,JAN27,2026-12-28,239,233,2139,2166
2026-05-27,gold,monthly,OG,JAN28,2027-12-28,0,0,0,2
2026-05-27,gold,monthly,OG,JUL26,2026-06-25,10872,11570,81504,56837
2026-05-27,gold,monthly,OG,JUN27,2027-05-25,0,4,609,606
2026-05-27,gold,monthly,OG,MAR27,2027-02-23,25,0,1590,1534
2026-05-27,gold,monthly,OG,NOV26,2026-10-27,91,29,6237,3478
2026-05-27,gold,monthly,OG,OCT26,2026-09-24,5030,1277,33397,8739
2026-05-27,gold,monthly,OG,SEP26,2026-08-26,12272,1740,44467,14761
2026-05-27,gold,weekly,OG1,JUN26,2026-06-05,264,507,944,1555
2026-05-27,gold,weekly,OG2,JUN26,2026-06-12,127,227,396,1127
2026-05-27,gold,weekly,OG4,JUN26,2026-06-26,30,47,31,49
2026-05-27,silver,monthly,SO,APR27,2027-03-25,0,0,0,1
2026-05-27,silver,monthly,SO,AUG26,2026-07-28,1512,627,13412,3867
2026-05-27,silver,monthly,SO,DEC26,2026-11-24,127,1,8829,3867
2026-05-27,silver,monthly,SO,DEC27,2027-11-24,0,0,26,25
2026-05-27,silver,monthly,SO,FEB27,2027-01-26,1,0,11,31
2026-05-27,silver,monthly,SO,JAN27,2026-12-28,0,1,867,93
2026-05-27,silver,monthly,SO,JUL26,2026-06-25,2569,1003,32281,15372
2026-05-27,silver,monthly,SO,JUL27,2027-06-25,0,0,3,0
2026-05-27,silver,monthly,SO,MAR27,2027-02-23,11,7,535,146
2026-05-27,silver,monthly,SO,MAY27,2027-04-27,0,0,1,0
2026-05-27,silver,monthly,SO,NOV26,2026-10-27,0,0,333,278
2026-05-27,silver,monthly,SO,OCT26,2026-09-24,135,80,1432,513
2026-05-27,silver,monthly,SO,SEP26,2026-08-26,123,192,5089,3049
2026-05-27,silver,weekly,SO1,JUN26,2026-06-05,34,37,627,138
2026-05-27,silver,weekly,SO2,JUN26,2026-06-12,26,3,34,5
2026-05-27,silver,weekly,SO4,JUN26,2026-06-26,10,2,10,2
2026-05-28,gold,monthly,OG,APR27,2027-03-24,50,0,627,295
2026-05-28,gold,monthly,OG,AUG26,2026-07-28,10583,5799,85576,44899
2026-05-28,gold,monthly,OG,DEC26,2026-11-24,6308,861,120874,29519
2026-05-28,gold,monthly,OG,DEC27,2027-11-24,4,0,1410,1572
2026-05-28,gold,monthly,OG,DEC28,2028-11-27,0,0,100,0
2026-05-28,gold,monthly,OG,FEB27,2027-01-26,184,8,9411,1454
2026-05-28,gold,monthly,OG,JAN27,2026-12-28,52,14,2182,2169
2026-05-28,gold,monthly,OG,JAN28,2027-12-28,0,0,0,2
2026-05-28,gold,monthly,OG,JUL26,2026-06-25,13181,6723,86534,58792
2026-05-28,gold,monthly,OG,JUN27,2027-05-25,1,0,608,606
2026-05-28,gold,monthly,OG,MAR27,2027-02-23,25,133,1611,1666
2026-05-28,gold,monthly,OG,NOV26,2026-10-27,35,642,6252,4096
2026-05-28,gold,monthly,OG,OCT26,2026-09-24,900,2062,33683,7997
2026-05-28,gold,monthly,OG,SEP26,2026-08-26,1006,1063,45183,15455
2026-05-28,gold,weekly,OG1,JUN26,2026-06-05,414,1043,1174,2029
2026-05-28,gold,weekly,OG2,JUN26,2026-06-12,204,153,573,1246
2026-05-28,gold,weekly,OG4,JUN26,2026-06-26,37,92,60,105
2026-05-28,silver,monthly,SO,APR27,2027-03-24,3,1,3,2
2026-05-28,silver,monthly,SO,AUG26,2026-07-28,842,508,13707,4061
2026-05-28,silver,monthly,SO,DEC26,2026-11-24,64,1,8836,3866
2026-05-28,silver,monthly,SO,DEC27,2027-11-24,0,0,26,25
2026-05-28,silver,monthly,SO,FEB27,2027-01-26,2,0,13,31
2026-05-28,silver,monthly,SO,JAN27,2026-12-28,0,0,867,93
2026-05-28,silver,monthly,SO,JUL26,2026-06-25,1255,653,32374,15544
2026-05-28,silver,monthly,SO,JUL27,2027-06-25,0,0,3,0
2026-05-28,silver,monthly,SO,MAR27,2027-02-23,4,0,539,146
2026-05-28,silver,monthly,SO,MAY27,2027-04-27,0,0,1,0
2026-05-28,silver,monthly,SO,NOV26,2026-10-27,1,12,334,290
2026-05-28,silver,monthly,SO,OCT26,2026-09-24,56,7,1443,520
2026-05-28,silver,monthly,SO,SEP26,2026-08-26,130,39,5112,3072
2026-05-28,silver,weekly,SO1,JUN26,2026-06-05,52,43,658,174
2026-05-28,silver,weekly,SO2,JUN26,2026-06-12,7,4,40,7
2026-05-28,silver,weekly,SO4,JUN26,2026-06-26,0,0,10,2
2026-05-29,gold,monthly,OG,APR27,2027-03-24,0,0,627,295
2026-05-29,gold,monthly,OG,AUG26,2026-07-28,5389,1775,87138,45497
2026-05-29,gold,monthly,OG,DEC26,2026-11-24,6036,1303,123253,29904
2026-05-29,gold,monthly,OG,DEC27,2027-11-24,0,0,1410,1572
2026-05-29,gold,monthly,OG,DEC28,2028-11-27,0,0,100,0
2026-05-29,gold,monthly,OG,FEB27,2027-01-26,2220,0,11462,1454
2026-05-29,gold,monthly,OG,JAN27,2026-12-28,1108,1504,1087,673
2026-05-29,gold,monthly,OG,JAN28,2027-12-28,0,0,0,2
2026-05-29,gold,monthly,OG,JUL26,2026-06-25,11780,10548,85531,59082
2026-05-29,gold,monthly,OG,JUN27,2027-05-25,0,0,608,606
2026-05-29,gold,monthly,OG,MAR27,2027-02-23,22,171,1632,1787
2026-05-29,gold,monthly,OG,NOV26,2026-10-27,1,14,6253,4095
2026-05-29,gold,monthly,OG,OCT26,2026-09-24,817,381,34265,8279
2026-05-29,gold,monthly,OG,SEP26,2026-08-26,695,605,45480,15904
2026-05-29,gold,weekly,OG1,JUN26,2026-06-05,1288,927,1944,2551
2026-05-29,gold,weekly,OG2,JUN26,2026-06-12,199,185,745,1391
2026-05-29,gold,weekly,OG4,JUN26,2026-06-26,84,85,102,139
2026-05-29,silver,monthly,SO,APR27,2027-03-24,0,0,3,2
2026-05-29,silver,monthly,SO,AUG26,2026-07-28,434,366,13838,4119
2026-05-29,silver,monthly,SO,DEC26,2026-11-24,73,29,8822,3866
2026-05-29,silver,monthly,SO,DEC27,2027-11-24,0,0,26,25
2026-05-29,silver,monthly,SO,FEB27,2027-01-26,0,0,13,31
2026-05-29,silver,monthly,SO,JAN27,2026-12-28,2,0,869,93
2026-05-29,silver,monthly,SO,JUL26,2026-06-25,1910,577,32773,15655
2026-05-29,silver,monthly,SO,JUL27,2027-06-25,0,0,3,0
2026-05-29,silver,monthly,SO,MAR27,2027-02-23,0,0,539,146
2026-05-29,silver,monthly,SO,MAY27,2027-04-27,0,0,1,0
2026-05-29,silver,monthly,SO,NOV26,2026-10-27,0,0,334,290
2026-05-29,silver,monthly,SO,OCT26,2026-09-24,21,8,1444,528
2026-05-29,silver,monthly,SO,SEP26,2026-08-26,171,82,5174,3076
2026-05-29,silver,weekly,SO1,JUN26,2026-06-05,374,62,682,211
2026-05-29,silver,weekly,SO2,JUN26,2026-06-12,26,0,61,7
2026-05-29,silver,weekly,SO4,JUN26,2026-06-26,0,0,10,2
2026-06-01,gold,monthly,OG,APR27,2027-03-24,1,1,626,296
2026-06-01,gold,monthly,OG,AUG26,2026-07-28,4329,1783,88863,45956
2026-06-01,gold,monthly,OG,DEC26,2026-11-24,821,363,123697,29956
2026-06-01,gold,monthly,OG,DEC27,2027-11-24,0,0,1410,1572
2026-06-01,gold,monthly,OG,DEC28,2028-11-27,0,0,100,0
2026-06-01,gold,monthly,OG,FEB27,2027-01-26,5,0,11463,1454
2026-06-01,gold,monthly,OG,JAN27,2026-12-28,0,1,1087,674
2026-06-01,gold,monthly,OG,JAN28,2027-12-28,0,0,0,2
2026-06-01,gold,monthly,OG,JUL26,2026-06-25,8188,4689,85196,59276
2026-06-01,gold,monthly,OG,JUN27,2027-05-25,0,0,608,606
2026-06-01,gold,monthly,OG,MAR27,2027-02-23,1,0,1633,1787
2026-06-01,gold,monthly,OG,NOV26,2026-10-27,20,27,6270,4107
2026-06-01,gold,monthly,OG,OCT26,2026-09-24,313,182,34314,8396
2026-06-01,gold,monthly,OG,SEP26,2026-08-26,941,589,45694,16269
2026-06-01,gold,weekly,OG1,JUN26,2026-06-05,541,1126,2133,2968
2026-06-01,gold,weekly,OG2,JUL26,,8,21,8,21
2026-06-01,gold,weekly,OG2,JUN26,,207,254,902,1612
2026-06-01,gold,weekly,OG4,JUN26,2026-06-26,65,114,136,174
2026-06-01,silver,monthly,SO,APR27,2027-03-24,3,1,6,3
2026-06-01,silver,monthly,SO,AUG26,2026-07-28,189,261,13888,4200
2026-06-01,silver,monthly,SO,DEC26,2026-11-24,2,0,8822,3866
2026-06-01,silver,monthly,SO,DEC27,2027-11-24,0,0,26,25
2026-06-01,silver,monthly,SO,FEB27,2027-01-26,2,0,11,31
2026-06-01,silver,monthly,SO,JAN27,2026-12-28,4,0,867,93
2026-06-01,silver,monthly,SO,JUL26,2026-06-25,900,1078,32839,15777
2026-06-01,silver,monthly,SO,JUL27,2027-06-25,0,0,3,0
2026-06-01,silver,monthly,SO,MAR27,2027-02-23,21,0,559,146
2026-06-01,silver,monthly,SO,MAY27,2027-04-27,0,0,1,0
2026-06-01,silver,monthly,SO,NOV26,2026-10-27,5,0,339,290
2026-06-01,silver,monthly,SO,OCT26,2026-09-24,130,116,1562,633
2026-06-01,silver,monthly,SO,SEP26,2026-08-26,55,34,5178,3105
2026-06-01,silver,weekly,SO1,JUN26,2026-06-05,24,66,692,253
2026-06-01,silver,weekly,SO2,JUN26,2026-06-12,4,2,64,9
2026-06-01,silver,weekly,SO4,JUN26,2026-06-26,0,0,10,2
2026-06-02,gold,monthly,OG,APR27,2027-03-24,6,15,630,308
2026-06-02,gold,monthly,OG,AUG26,2026-07-28,2545,1415,89848,46404
2026-06-02,gold,monthly,OG,DEC26,2026-11-24,4243,896,122861,29991
2026-06-02,gold,monthly,OG,DEC27,2027-11-24,0,0,1410,1572
2026-06-02,gold,monthly,OG,DEC28,2028-11-27,0,0,100,0
2026-06-02,gold,monthly,OG,FEB27,2027-01-26,11,0,11473,1454
2026-06-02,gold,monthly,OG,JAN27,2026-12-28,3,2,1085,676
2026-06-02,gold,monthly,OG,JAN28,2027-12-28,0,0,0,2
2026-06-02,gold,monthly,OG,JUL26,2026-06-25,4633,4990,85719,61006
2026-06-02,gold,monthly,OG,JUN27,2027-05-25,0,0,608,606
2026-06-02,gold,monthly,OG,MAR27,2027-02-23,14,16,1647,1803
2026-06-02,gold,monthly,OG,NOV26,2026-10-27,3,4,6272,4107
2026-06-02,gold,monthly,OG,OCT26,2026-09-24,2463,60,32608,8422
2026-06-02,gold,monthly,OG,SEP26,2026-08-26,1680,416,46697,16489
2026-06-02,gold,weekly,OG1,JUN26,2026-06-05,324,623,2190,3093
2026-06-02,gold,weekly,OG2,JUL26,,105,172,113,189
2026-06-02,gold,weekly,OG2,JUN26,,284,296,993,1810
2026-06-02,gold,weekly,OG4,JUN26,2026-06-26,65,138,187,282
2026-06-02,silver,monthly,SO,APR27,2027-03-24,3,1,9,4
2026-06-02,silver,monthly,SO,AUG26,2026-07-28,754,528,14409,4326
2026-06-02,silver,monthly,SO,DEC26,2026-11-24,6,100,8826,3767
2026-06-02,silver,monthly,SO,DEC27,2027-11-24,0,0,26,25
2026-06-02,silver,monthly,SO,FEB27,2027-01-26,0,0,11,31
2026-06-02,silver,monthly,SO,JAN27,2026-12-28,0,0,867,93
2026-06-02,silver,monthly,SO,JUL26,2026-06-25,1386,618,33564,15834
2026-06-02,silver,monthly,SO,JUL27,2027-06-25,0,0,3,0
2026-06-02,silver,monthly,SO,MAR27,2027-02-23,0,0,559,146
2026-06-02,silver,monthly,SO,MAY27,2027-04-27,0,0,1,0
2026-06-02,silver,monthly,SO,NOV26,2026-10-27,4,0,343,290
2026-06-02,silver,monthly,SO,OCT26,2026-09-24,72,13,1617,645
2026-06-02,silver,monthly,SO,SEP26,2026-08-26,128,52,5275,3120
2026-06-02,silver,weekly,SO1,JUN26,2026-06-05,118,40,661,263
2026-06-02,silver,weekly,SO2,JUN26,2026-06-12,15,65,77,73
2026-06-02,silver,weekly,SO4,JUN26,2026-06-26,0,2,10,4
2026-06-03,gold,monthly,OG,APR27,2027-03-24,36,0,666,308
2026-06-03,gold,monthly,OG,AUG26,2026-07-28,5236,2704,89178,47690
2026-06-03,gold,monthly,OG,DEC26,2026-11-24,1693,1797,123350,31387
2026-06-03,gold,monthly,OG,DEC27,2027-11-24,0,0,1410,1572
2026-06-03,gold,monthly,OG,DEC28,2028-11-27,0,0,100,0
2026-06-03,gold,monthly,OG,FEB27,2027-01-26,995,657,12384,2026
2026-06-03,gold,monthly,OG,JAN27,2026-12-28,9,15,1088,691
2026-06-03,gold,monthly,OG,JAN28,2027-12-28,0,0,0,2
2026-06-03,gold,monthly,OG,JUL26,2026-06-25,3973,8042,85896,61363
2026-06-03,gold,monthly,OG,JUN27,2027-05-25,0,0,608,606
2026-06-03,gold,monthly,OG,MAR27,2027-02-23,3,110,1648,1803
2026-06-03,gold,monthly,OG,NOV26,2026-10-27,64,153,6313,4230
2026-06-03,gold,monthly,OG,OCT26,2026-09-24,912,624,33432,8920
2026-06-03,gold,monthly,OG,SEP26,2026-08-26,1500,773,46271,16979
2026-06-03,gold,weekly,OG1,JUN26,2026-06-05,846,3562,2629,5654
2026-06-03,gold,weekly,OG2,JUL26,,8,23,121,200
2026-06-03,gold,weekly,OG2,JUN26,,157,761,1060,2293
2026-06-03,gold,weekly,OG4,JUN26,2026-06-26,100,165,216,405
2026-06-03,silver,monthly,SO,APR27,2027-03-24,0,0,9,4
2026-06-03,silver,monthly,SO,AUG26,2026-07-28,931,481,15020,4644
2026-06-03,silver,monthly,SO,DEC26,2026-11-24,105,0,8851,3767
2026-06-03,silver,monthly,SO,DEC27,2027-11-24,0,0,26,25
2026-06-03,silver,monthly,SO,FEB27,2027-01-26,0,0,11,31
2026-06-03,silver,monthly,SO,JAN27,2026-12-28,0,0,867,93
2026-06-03,silver,monthly,SO,JUL26,2026-06-25,1521,1805,33838,16607
2026-06-03,silver,monthly,SO,JUL27,2027-06-25,0,0,3,0
2026-06-03,silver,monthly,SO,MAR27,2027-02-23,3,2,561,148
2026-06-03,silver,monthly,SO,MAY27,2027-04-27,0,0,1,0
2026-06-03,silver,monthly,SO,NOV26,2026-10-27,29,31,372,321
2026-06-03,silver,monthly,SO,OCT26,2026-09-24,27,25,1620,658
2026-06-03,silver,monthly,SO,SEP26,2026-08-26,50,13,5310,3128
2026-06-03,silver,weekly,SO1,JUN26,2026-06-05,75,69,706,286
2026-06-03,silver,weekly,SO2,JUN26,2026-06-12,127,113,192,180
2026-06-03,silver,weekly,SO4,JUN26,2026-06-26,5,1,9,3
2026-06-05,gold,monthly,OG,APR27,2027-03-24,3,0,670,308
2026-06-05,gold,monthly,OG,AUG26,2026-07-28,5836,6269,90839,52036
2026-06-05,gold,monthly,OG,DEC26,2026-11-24,6698,710,125212,31421
2026-06-05,gold,monthly,OG,DEC27,2027-11-24,0,0,1410,1572
2026-06-05,gold,monthly,OG,DEC28,2028-11-27,0,0,100,0
2026-06-05,gold,monthly,OG,FEB27,2027-01-26,273,2,12315,2078
2026-06-05,gold,monthly,OG,JAN27,2026-12-28,17,30,1093,724
2026-06-05,gold,monthly,OG,JAN28,2027-12-28,0,0,0,2
2026-06-05,gold,monthly,OG,JUL26,2026-06-25,10479,13020,87789,61209
2026-06-05,gold,monthly,OG,JUN27,2027-05-25,0,2,608,608
2026-06-05,gold,monthly,OG,MAR27,2027-02-23,176,0,1826,1953
2026-06-05,gold,monthly,OG,NOV26,2026-10-27,42,28,6363,4232
2026-06-05,gold,monthly,OG,OCT26,2026-09-24,3127,721,35422,10317
2026-06-05,gold,monthly,OG,SEP26,2026-08-26,1016,1027,47088,17444
2026-06-05,gold,weekly,OG1,JUN26,2026-06-05,3629,4440,0,0
2026-06-05,gold,weekly,OG2,JUL26,,22,428,161,656
2026-06-05,gold,weekly,OG2,JUN26,,2929,2565,3293,3379
2026-06-05,gold,weekly,OG4,JUN26,2026-06-26,174,225,418,606
2026-06-05,silver,monthly,SO,APR27,2027-03-24,0,0,9,4
2026-06-05,silver,monthly,SO,AUG26,2026-07-28,1925,1227,15415,5449
2026-06-05,silver,monthly,SO,DEC26,2026-11-24,296,5,8798,3768
2026-06-05,silver,monthly,SO,DEC27,2027-11-24,0,0,26,25
2026-06-05,silver,monthly,SO,FEB27,2027-01-26,0,1,11,31
2026-06-05,silver,monthly,SO,JAN27,2026-12-28,12,11,877,94
2026-06-05,silver,monthly,SO,JUL26,2026-06-25,2067,3297,34173,17133
2026-06-05,silver,monthly,SO,JUL27,2027-06-25,0,0,3,0
2026-06-05,silver,monthly,SO,MAR27,2027-02-23,17,0,571,148
2026-06-05,silver,monthly,SO,MAY27,2027-04-27,0,0,1,0
2026-06-05,silver,monthly,SO,NOV26,2026-10-27,0,9,367,318
2026-06-05,silver,monthly,SO,OCT26,2026-09-24,161,24,1731,741
2026-06-05,silver,monthly,SO,SEP26,2026-08-26,535,627,5665,3739
2026-06-05,silver,weekly,SO1,JUN26,2026-06-05,136,377,0,0
2026-06-05,silver,weekly,SO2,JUL26,,7,5,15,10
2026-06-05,silver,weekly,SO2,JUN26,,140,146,306,342
2026-06-05,silver,weekly,SO4,JUN26,2026-06-26,24,22,17,13
2026-06-08,gold,monthly,OG,APR27,2027-03-24,26,0,696,308
2026-06-08,gold,monthly,OG,AUG26,2026-07-28,5485,6299,92423,53805
2026-06-08,gold,monthly,OG,DEC26,2026-11-24,1465,181,125725,31516
2026-06-08,gold,monthly,OG,DEC27,2027-11-24,0,0,1410,1572
2026-06-08,gold,monthly,OG,DEC28,2028-11-27,0,0,100,0
2026-06-08,gold,monthly,OG,FEB27,2027-01-26,701,157,11839,2229
2026-06-08,gold,monthly,OG,JAN27,2026-12-28,54,117,1144,840
2026-06-08,gold,monthly,OG,JAN28,2027-12-28,0,0,0,2
2026-06-08,gold,monthly,OG,JUL26,2026-06-25,13028,13514,93283,63989
2026-06-08,gold,monthly,OG,JUN27,2027-05-25,2,0,608,608
2026-06-08,gold,monthly,OG,MAR27,2027-02-23,1,1,1826,1954
2026-06-08,gold,monthly,OG,NOV26,2026-10-27,7,23,6364,4244
2026-06-08,gold,monthly,OG,OCT26,2026-09-24,899,919,36071,10859
2026-06-08,gold,monthly,OG,SEP26,2026-08-26,1724,2584,48085,18966
2026-06-08,gold,weekly,OG2,JUL26,,23,89,173,716
2026-06-08,gold,weekly,OG2,JUN26,,1372,2558,4104,4407
2026-06-08,gold,weekly,OG3,JUL26,2026-07-17,8,12,8,12
2026-06-08,gold,weekly,OG4,JUN26,2026-06-26,106,170,450,704
2026-06-08,silver,monthly,SO,APR27,2027-03-24,0,0,9,4
2026-06-08,silver,monthly,SO,AUG26,2026-07-28,1273,1291,15836,6422
2026-06-08,silver,monthly,SO,DEC26,2026-11-24,64,33,8798,3799
2026-06-08,silver,monthly,SO,DEC27,2027-11-24,0,0,26,25
2026-06-08,silver,monthly,SO,FEB27,2027-01-26,0,3,11,34
2026-06-08,silver,monthly,SO,JAN27,2026-12-28,1,5,877,99
2026-06-08,silver,monthly,SO,JUL26,2026-06-25,2060,3524,34645,18583
2026-06-08,silver,monthly,SO,JUL27,2027-06-25,0,0,3,0
2026-06-08,silver,monthly,SO,MAR27,2027-02-23,60,0,628,148
2026-06-08,silver,monthly,SO,MAY27,2027-04-27,0,0,1,0
2026-06-08,silver,monthly,SO,NOV26,2026-10-27,0,23,367,335
2026-06-08,silver,monthly,SO,OCT26,2026-09-24,73,63,1778,803
2026-06-08,silver,monthly,SO,SEP26,2026-08-26,214,257,5704,3673
2026-06-08,silver,weekly,SO2,JUL26,,1,2,16,12
2026-06-08,silver,weekly,SO2,JUN26,,126,88,403,376
2026-06-08,silver,weekly,SO4,JUN26,2026-06-26,0,2,17,12
2026-06-09,gold,monthly,OG,APR27,2027-03-24,14,1,710,308
2026-06-09,gold,monthly,OG,AUG26,2026-07-28,8800,12228,93430,59651
2026-06-09,gold,monthly,OG,DEC26,2026-11-24,1366,148,126402,31557
2026-06-09,gold,monthly,OG,DEC27,2027-11-24,0,0,1410,1572
2026-06-09,gold,monthly,OG,DEC28,2028-11-27,0,0,100,0
2026-06-09,gold,monthly,OG,FEB27,2027-01-26,585,7,11661,2236
2026-06-09,gold,monthly,OG,JAN27,2026-12-28,12,10,1155,850
2026-06-09,gold,monthly,OG,JAN28,2027-12-28,0,0,0,2
2026-06-09,gold,monthly,OG,JUL26,2026-06-25,7514,7772,94484,64041
2026-06-09,gold,monthly,OG,JUN27,2027-05-25,1,0,609,608
2026-06-09,gold,monthly,OG,MAR27,2027-02-23,0,0,1826,1954
2026-06-09,gold,monthly,OG,NOV26,2026-10-27,61,101,6394,4244
2026-06-09,gold,monthly,OG,OCT26,2026-09-24,4687,1965,35357,11572
2026-06-09,gold,monthly,OG,SEP26,2026-08-26,2229,1899,48544,20280
2026-06-09,gold,weekly,OG2,JUL26,,47,89,199,779
2026-06-09,gold,weekly,OG2,JUN26,,2138,2589,3660,5041
2026-06-09,gold,weekly,OG3,JUL26,2026-07-17,43,501,35,493
2026-06-09,gold,weekly,OG4,JUN26,2026-06-26,139,128,539,777
2026-06-09,silver,monthly,SO,APR27,2027-03-24,0,10,9,14
2026-06-09,silver,monthly,SO,AUG26,2026-07-28,729,1021,16322,7078
2026-06-09,silver,monthly,SO,DEC26,2026-11-24,254,35,8960,3797
2026-06-09,silver,monthly,SO,DEC27,2027-11-24,0,0,26,25
2026-06-09,silver,monthly,SO,FEB27,2027-01-26,0,0,11,34
2026-06-09,silver,monthly,SO,JAN27,2026-12-28,7,5,880,94
2026-06-09,silver,monthly,SO,JUL26,2026-06-25,1920,2485,35138,18644
2026-06-09,silver,monthly,SO,JUL27,2027-06-25,0,0,3,0
2026-06-09,silver,monthly,SO,MAR27,2027-02-23,4,1,630,149
2026-06-09,silver,monthly,SO,MAY27,2027-04-27,0,0,1,0
2026-06-09,silver,monthly,SO,NOV26,2026-10-27,0,8,367,327
2026-06-09,silver,monthly,SO,OCT26,2026-09-24,46,13,1822,814
2026-06-09,silver,monthly,SO,SEP26,2026-08-26,649,231,5654,3778
2026-06-09,silver,weekly,SO2,JUL26,,0,6,16,18
2026-06-09,silver,weekly,SO2,JUN26,,185,241,495,575
2026-06-09,silver,weekly,SO4,JUN26,2026-06-26,6,39,15,51
2026-06-10,gold,monthly,OG,APR27,2027-03-24,30,31,735,339
2026-06-10,gold,monthly,OG,AUG26,2026-07-28,11653,11240,97018,61660
2026-06-10,gold,monthly,OG,DEC26,2026-11-24,8201,3009,128911,33600
2026-06-10,gold,monthly,OG,DEC27,2027-11-24,0,0,1410,1572
2026-06-10,gold,monthly,OG,DEC28,2028-11-27,0,0,100,0
2026-06-10,gold,monthly,OG,FEB27,2027-01-26,23,55,11679,2280
2026-06-10,gold,monthly,OG,JAN27,2026-12-28,12,30,1160,874
2026-06-10,gold,monthly,OG,JAN28,2027-12-28,0,0,0,2
2026-06-10,gold,monthly,OG,JUL26,2026-06-25,13998,15137,98827,65529
2026-06-10,gold,monthly,OG,JUN27,2027-05-25,0,0,609,608
2026-06-10,gold,monthly,OG,MAR27,2027-02-23,168,0,1993,1954
2026-06-10,gold,monthly,OG,NOV26,2026-10-27,4884,140,11147,4338
2026-06-10,gold,monthly,OG,OCT26,2026-09-24,1620,657,36082,11816
2026-06-10,gold,monthly,OG,SEP26,2026-08-26,1654,2687,49321,20497
2026-06-10,gold,weekly,OG2,JUL26,,63,286,233,957
2026-06-10,gold,weekly,OG2,JUN26,,3621,7966,5788,6127
2026-06-10,gold,weekly,OG3,JUL26,2026-07-17,39,59,54,525
2026-06-10,gold,weekly,OG4,JUN26,2026-06-26,524,283,837,803
2026-06-10,silver,monthly,SO,APR27,2027-03-24,1,0,10,14
2026-06-10,silver,monthly,SO,AUG26,2026-07-28,736,657,16416,7180
2026-06-10,silver,monthly,SO,DEC26,2026-11-24,69,16,8953,3794
2026-06-10,silver,monthly,SO,DEC27,2027-11-24,0,0,26,25
2026-06-10,silver,monthly,SO,FEB27,2027-01-26,8,10,19,44
2026-06-10,silver,monthly,SO,JAN27,2026-12-28,0,5,880,89
2026-06-10,silver,monthly,SO,JUL26,2026-06-25,1572,3348,35304,17603
2026-06-10,silver,monthly,SO,JUL27,2027-06-25,0,0,3,0
2026-06-10,silver,monthly,SO,MAR27,2027-02-23,12,2,639,150
2026-06-10,silver,monthly,SO,MAY27,2027-04-27,0,0,1,0
2026-06-10,silver,monthly,SO,NOV26,2026-10-27,5,15,368,342
2026-06-10,silver,monthly,SO,OCT26,2026-09-24,22,31,1841,830
2026-06-10,silver,monthly,SO,SEP26,2026-08-26,193,133,5751,3772
2026-06-10,silver,weekly,SO2,JUL26,,51,25,63,43
2026-06-10,silver,weekly,SO2,JUN26,,61,132,526,619
2026-06-10,silver,weekly,SO3,JUL26,2026-07-17,2,7,2,7
2026-06-10,silver,weekly,SO4,JUN26,2026-06-26,9,0,20,51
2026-06-12,gold,monthly,OG,APR27,2027-03-24,21,20,790,389
2026-06-12,gold,monthly,OG,AUG26,2026-07-28,8175,7508,105242,66932
2026-06-12,gold,monthly,OG,DEC26,2026-11-24,2906,1634,130651,35400
2026-06-12,gold,monthly,OG,DEC27,2027-11-24,0,0,1485,1572
2026-06-12,gold,monthly,OG,DEC28,2028-11-27,50,0,150,0
2026-06-12,gold,monthly,OG,FEB27,2027-01-26,39,3,12103,2369
2026-06-12,gold,monthly,OG,JAN27,2026-12-28,15,10,1177,885
2026-06-12,gold,monthly,OG,JAN28,2027-12-28,0,0,0,2
2026-06-12,gold,monthly,OG,JUL26,2026-06-25,13114,9376,110023,67678
2026-06-12,gold,monthly,OG,JUN27,2027-05-25,0,0,609,608
2026-06-12,gold,monthly,OG,MAR27,2027-02-23,41,40,2102,2056
2026-06-12,gold,monthly,OG,NOV26,2026-10-27,88,41,11239,4434
2026-06-12,gold,monthly,OG,OCT26,2026-09-24,1180,188,37634,12515
2026-06-12,gold,monthly,OG,SEP26,2026-08-26,2483,2715,52168,23937
2026-06-12,gold,weekly,OG2,JUL26,,138,149,374,1093
2026-06-12,gold,weekly,OG2,JUN26,,3094,3463,0,0
2026-06-12,gold,weekly,OG3,JUL26,2026-07-17,80,79,212,642
2026-06-12,gold,weekly,OG4,JUN26,2026-06-26,624,488,1134,1194
2026-06-12,silver,monthly,SO,APR27,2027-03-24,2,0,12,14
2026-06-12,silver,monthly,SO,AUG26,2026-07-28,1528,455,17039,7557
2026-06-12,silver,monthly,SO,DEC26,2026-11-24,21,20,8976,3821
2026-06-12,silver,monthly,SO,DEC27,2027-11-24,0,0,26,25
2026-06-12,silver,monthly,SO,FEB27,2027-01-26,6,0,29,44
2026-06-12,silver,monthly,SO,JAN27,2026-12-28,0,0,880,88
2026-06-12,silver,monthly,SO,JUL26,2026-06-25,2837,1120,37391,17333
2026-06-12,silver,monthly,SO,JUL27,2027-06-25,0,0,3,0
2026-06-12,silver,monthly,SO,MAR27,2027-02-23,28,7,808,199
2026-06-12,silver,monthly,SO,MAY27,2027-04-27,0,0,1,10
2026-06-12,silver,monthly,SO,NOV26,2026-10-27,1,0,411,387
2026-06-12,silver,monthly,SO,OCT26,2026-09-24,41,26,1900,850
2026-06-12,silver,monthly,SO,SEP26,2026-08-26,532,76,6249,4021
2026-06-12,silver,weekly,SO2,JUL26,,14,0,114,86
2026-06-12,silver,weekly,SO2,JUN26,,78,95,0,0
2026-06-12,silver,weekly,SO3,JUL26,2026-07-17,14,2,23,16
2026-06-12,silver,weekly,SO4,JUN26,2026-06-26,1,2,21,52
2026-06-15,gold,monthly,OG,APR27,2027-03-24,7,0,796,389
2026-06-15,gold,monthly,OG,AUG26,2026-07-28,13390,6016,108892,67892
2026-06-15,gold,monthly,OG,DEC26,2026-11-24,1552,1002,130966,35582
2026-06-15,gold,monthly,OG,DEC27,2027-11-24,0,0,1485,1572
2026-06-15,gold,monthly,OG,DEC28,2028-11-27,0,0,150,0
2026-06-15,gold,monthly,OG,FEB27,2027-01-26,735,1,12834,2369
2026-06-15,gold,monthly,OG,JAN27,2026-12-28,296,25,1300,899
2026-06-15,gold,monthly,OG,JAN28,2027-12-28,0,0,0,2
2026-06-15,gold,monthly,OG,JUL26,2026-06-25,10178,6992,109653,70630
2026-06-15,gold,monthly,OG,JUN27,2027-05-25,0,0,609,608
2026-06-15,gold,monthly,OG,MAR27,2027-02-23,0,270,2102,2056
2026-06-15,gold,monthly,OG,MAY27,2027-04-27,0,1,0,1
2026-06-15,gold,monthly,OG,NOV26,2026-10-27,1233,154,11742,4583
2026-06-15,gold,monthly,OG,OCT26,2026-09-24,4701,888,41662,12344
2026-06-15,gold,monthly,OG,SEP26,2026-08-26,1505,1524,52688,24465
2026-06-15,gold,weekly,OG2,JUL26,,300,120,564,1163
2026-06-15,gold,weekly,OG3,JUL26,2026-07-17,261,179,412,786
2026-06-15,gold,weekly,OG4,JUL26,,3,11,3,11
2026-06-15,gold,weekly,OG4,JUN26,,733,447,1487,1387
2026-06-15,silver,monthly,SO,APR27,2027-03-24,0,2,12,16
2026-06-15,silver,monthly,SO,AUG26,2026-07-28,1110,1009,17431,7640
2026-06-15,silver,monthly,SO,DEC26,2026-11-24,1223,8,10126,3827
2026-06-15,silver,monthly,SO,DEC27,2027-11-24,0,0,26,25
2026-06-15,silver,monthly,SO,FEB27,2027-01-26,15,0,44,44
2026-06-15,silver,monthly,SO,JAN27,2026-12-28,4,3,884,91
2026-06-15,silver,monthly,SO,JUL26,2026-06-25,1478,1182,37482,17274
2026-06-15,silver,monthly,SO,JUL27,2027-06-25,0,0,3,0
2026-06-15,silver,monthly,SO,MAR27,2027-02-23,1,0,809,199
2026-06-15,silver,monthly,SO,MAY27,2027-04-27,0,0,1,10
2026-06-15,silver,monthly,SO,NOV26,2026-10-27,54,0,460,387
2026-06-15,silver,monthly,SO,OCT26,2026-09-24,18,19,1904,858
2026-06-15,silver,monthly,SO,SEP26,2026-08-26,853,991,6580,4159
2026-06-15,silver,weekly,SO2,JUL26,,9,18,105,103
2026-06-15,silver,weekly,SO3,JUL26,2026-07-17,2,0,25,16
2026-06-15,silver,weekly,SO4,JUN26,2026-06-26,7,7,27,59
2026-06-16,gold,monthly,OG,APR27,2027-03-24,100,50,896,439
2026-06-16,gold,monthly,OG,AUG26,2026-07-28,8252,3207,110779,68914
2026-06-16,gold,monthly,OG,DEC26,2026-11-24,5313,393,133178,35669
2026-06-16,gold,monthly,OG,DEC27,2027-11-24,0,0,1485,1572
2026-06-16,gold,monthly,OG,DEC28,2028-11-27,0,0,150,0
2026-06-16,gold,monthly,OG,FEB27,2027-01-26,205,1,13014,2369
2026-06-16,gold,monthly,OG,JAN27,2026-12-28,113,15,1385,900
2026-06-16,gold,monthly,OG,JAN28,2027-12-28,0,0,0,2
2026-06-16,gold,monthly,OG,JUL26,2026-06-25,6213,2629,110579,70595
2026-06-16,gold,monthly,OG,JUN27,2027-05-25,0,0,609,608
2026-06-16,gold,monthly,OG,MAR27,2027-02-23,8,161,2106,2215
2026-06-16,gold,monthly,OG,MAY27,2027-04-27,0,1,0,2
2026-06-16,gold,monthly,OG,NOV26,2026-10-27,247,246,11897,4819
2026-06-16,gold,monthly,OG,OCT26,2026-09-24,1684,1718,42637,13495
2026-06-16,gold,monthly,OG,SEP26,2026-08-26,973,1752,53245,24893
2026-06-16,gold,weekly,OG2,JUL26,2026-07-10,50,236,582,1359
2026-06-16,gold,weekly,OG3,JUL26,2026-07-17,174,62,313,816
2026-06-16,gold,weekly,OG4,JUL26,,10,5,13,16
2026-06-16,gold,weekly,OG4,JUN26,,481,168,1608,1474
2026-06-16,silver,monthly,SO,APR27,2027-03-24,0,0,12,16
2026-06-16,silver,monthly,SO,AUG26,2026-07-28,445,684,17590,7825
2026-06-16,silver,monthly,SO,DEC26,2026-11-24,541,0,10550,3827
2026-06-16,silver,monthly,SO,DEC27,2027-11-24,0,0,26,25
2026-06-16,silver,monthly,SO,FEB27,2027-01-26,0,0,44,44
2026-06-16,silver,monthly,SO,JAN27,2026-12-28,0,4,884,91
2026-06-16,silver,monthly,SO,JUL26,2026-06-25,3768,618,38358,17259
2026-06-16,silver,monthly,SO,JUL27,2027-06-25,0,0,3,0
2026-06-16,silver,monthly,SO,MAR27,2027-02-23,0,0,809,199
2026-06-16,silver,monthly,SO,MAY27,2027-04-27,0,0,1,10
2026-06-16,silver,monthly,SO,NOV26,2026-10-27,0,150,460,537
2026-06-16,silver,monthly,SO,OCT26,2026-09-24,12,122,1913,975
2026-06-16,silver,monthly,SO,SEP26,2026-08-26,749,303,6788,4382
2026-06-16,silver,weekly,SO2,JUL26,2026-07-10,1,0,106,103
2026-06-16,silver,weekly,SO3,JUL26,2026-07-17,7,7,32,23
2026-06-16,silver,weekly,SO4,JUN26,2026-06-26,16,0,40,59
2026-06-17,gold,monthly,OG,APR27,2027-03-24,160,150,1056,589
2026-06-17,gold,monthly,OG,AUG26,2026-07-28,15599,11001,111426,68445
2026-06-17,gold,monthly,OG,DEC26,2026-11-24,4656,1116,134202,36026
2026-06-17,gold,monthly,OG,DEC27,2027-11-24,0,0,1485,1572
2026-06-17,gold,monthly,OG,DEC28,2028-11-27,0,0,150,0
2026-06-17,gold,monthly,OG,FEB27,2027-01-26,26,475,13030,2744
2026-06-17,gold,monthly,OG,JAN27,2026-12-28,35,13,1394,891
2026-06-17,gold,monthly,OG,JAN28,2027-12-28,0,0,0,2
2026-06-17,gold,monthly,OG,JUL26,2026-06-25,15342,8142,111965,71035
2026-06-17,gold,monthly,OG,JUN27,2027-05-25,0,2,609,610
2026-06-17,gold,monthly,OG,MAR27,2027-02-23,565,200,2628,2415
2026-06-17,gold,monthly,OG,MAY27,2027-04-27,0,0,0,2
2026-06-17,gold,monthly,OG,NOV26,2026-10-27,102,224,11914,4981
2026-06-17,gold,monthly,OG,OCT26,2026-09-24,2756,752,43267,13937
2026-06-17,gold,monthly,OG,SEP26,2026-08-26,1579,1361,53951,25292
2026-06-17,gold,weekly,OG2,JUL26,2026-07-10,533,212,923,1530
2026-06-17,gold,weekly,OG3,JUL26,2026-07-17,145,153,428,936
2026-06-17,gold,weekly,OG4,JUL26,,39,44,46,57
2026-06-17,gold,weekly,OG4,JUN26,,739,277,1942,1555
2026-06-17,silver,monthly,SO,APR27,2027-03-24,0,0,12,16
2026-06-17,silver,monthly,SO,AUG26,2026-07-28,2439,546,19396,7884
2026-06-17,silver,monthly,SO,DEC26,2026-11-24,97,12,10561,3839
2026-06-17,silver,monthly,SO,DEC27,2027-11-24,0,0,26,25
2026-06-17,silver,monthly,SO,FEB27,2027-01-26,2,0,46,44
2026-06-17,silver,monthly,SO,JAN27,2026-12-28,0,1,884,92
2026-06-17,silver,monthly,SO,JUL26,2026-06-25,3466,1281,39776,17147
2026-06-17,silver,monthly,SO,JUL27,2027-06-25,0,0,3,0
2026-06-17,silver,monthly,SO,MAR27,2027-02-23,8,0,808,199
2026-06-17,silver,monthly,SO,MAY27,2027-04-27,0,0,1,10
2026-06-17,silver,monthly,SO,NOV26,2026-10-27,27,0,487,537
2026-06-17,silver,monthly,SO,OCT26,2026-09-24,24,11,1923,985
2026-06-17,silver,monthly,SO,SEP26,2026-08-26,524,218,6933,4441
2026-06-17,silver,weekly,SO2,JUL26,2026-07-10,4,0,108,103
2026-06-17,silver,weekly,SO3,JUL26,2026-07-17,3,2,35,25
2026-06-17,silver,weekly,SO4,JUL26,2026-06-26,1,0,1,0
2026-06-17,silver,weekly,SO4,JUN26,2026-06-26,45,23,83,80
2026-06-18,gold,monthly,OG,APR27,2027-03-24,253,250,1157,689
2026-06-18,gold,monthly,OG,AUG26,2026-07-28,6276,6533,112989,70525
2026-06-18,gold,monthly,OG,DEC26,2026-11-24,6724,1201,139491,36058
2026-06-18,gold,monthly,OG,DEC27,2027-11-24,0,0,1485,1572
2026-06-18,gold,monthly,OG,DEC28,2028-11-27,0,0,150,0
2026-06-18,gold,monthly,OG,FEB27,2027-01-26,4047,2,11670,2746
2026-06-18,gold,monthly,OG,JAN27,2026-12-28,49,4,1438,894
2026-06-18,gold,monthly,OG,JAN28,2027-12-28,0,0,0,2
2026-06-18,gold,monthly,OG,JUL26,2026-06-25,4520,9181,112678,71089
2026-06-18,gold,monthly,OG,JUN27,2027-05-25,0,0,609,610
2026-06-18,gold,monthly,OG,MAR27,2027-02-23,1,256,2629,2671
2026-06-18,gold,monthly,OG,MAY27,2027-04-27,0,0,0,2
2026-06-18,gold,monthly,OG,NOV26,2026-10-27,4124,26,10412,4993
2026-06-18,gold,monthly,OG,OCT26,2026-09-24,1084,1549,43140,14181
2026-06-18,gold,monthly,OG,SEP26,2026-08-26,1814,1869,54631,26152
2026-06-18,gold,weekly,OG2,JUL26,2026-07-10,36,149,934,1626
2026-06-18,gold,weekly,OG3,JUL26,2026-07-17,16,380,433,1153
2026-06-18,gold,weekly,OG4,JUL26,,18,68,63,119
2026-06-18,gold,weekly,OG4,JUN26,,1070,713,2127,1792
2026-06-18,silver,monthly,SO,APR27,2027-03-24,0,0,12,16
2026-06-18,silver,monthly,SO,AUG26,2026-07-28,1103,720,19658,8153
2026-06-18,silver,monthly,SO,DEC26,2026-11-24,224,178,10520,3913
2026-06-18,silver,monthly,SO,DEC27,2027-11-24,0,0,26,25
2026-06-18,silver,monthly,SO,FEB27,2027-01-26,4,0,49,44
2026-06-18,silver,monthly,SO,JAN27,2026-12-28,5,0,885,92
2026-06-18,silver,monthly,SO,JUL26,2026-06-25,1742,1977,40226,17180
2026-06-18,silver,monthly,SO,JUL27,2027-06-25,0,0,3,0
2026-06-18,silver,monthly,SO,MAR27,2027-02-23,49,0,837,199
2026-06-18,silver,monthly,SO,MAY27,2027-04-27,0,1,1,11
2026-06-18,silver,monthly,SO,NOV26,2026-10-27,2,38,487,566
2026-06-18,silver,monthly,SO,OCT26,2026-09-24,147,7,1957,990
2026-06-18,silver,monthly,SO,SEP26,2026-08-26,446,478,6932,4753
2026-06-18,silver,weekly,SO2,JUL26,2026-07-10,26,0,129,103
2026-06-18,silver,weekly,SO3,JUL26,2026-07-17,15,80,39,105
2026-06-18,silver,weekly,SO4,JUL26,2026-06-26,0,0,1,0
2026-06-18,silver,weekly,SO4,JUN26,2026-06-26,65,77,142,152
2026-06-23,gold,monthly,OG,APR27,2027-03-24,2,0,1207,740
2026-06-23,gold,monthly,OG,AUG26,2026-07-28,8791,5535,117666,72043
2026-06-23,gold,monthly,OG,DEC26,2026-11-24,1599,1125,144598,37761
2026-06-23,gold,monthly,OG,DEC27,2027-11-24,0,0,1485,1572
2026-06-23,gold,monthly,OG,DEC28,2028-11-27,0,0,150,0
2026-06-23,gold,monthly,OG,FEB27,2027-01-26,322,66,11930,2831
2026-06-23,gold,monthly,OG,JAN27,2026-12-28,63,4,2000,908
2026-06-23,gold,monthly,OG,JAN28,2027-12-28,0,0,0,2
2026-06-23,gold,monthly,OG,JUL26,2026-06-25,2765,11366,113450,63500
2026-06-23,gold,monthly,OG,JUN27,2027-05-25,0,1,849,611
2026-06-23,gold,monthly,OG,MAR27,2027-02-23,283,150,2913,2774
2026-06-23,gold,monthly,OG,MAY27,2027-04-27,0,0,0,2
2026-06-23,gold,monthly,OG,NOV26,2026-10-27,222,159,10715,5323
2026-06-23,gold,monthly,OG,OCT26,2026-09-24,5381,1530,49967,15600
2026-06-23,gold,monthly,OG,SEP26,2026-08-26,1297,1626,55976,26297
2026-06-23,gold,weekly,OG2,JUL26,2026-07-10,288,294,1291,1932
2026-06-23,gold,weekly,OG3,JUL26,2026-07-17,2084,275,2493,1579
2026-06-23,gold,weekly,OG4,JUL26,,61,96,94,260
2026-06-23,gold,weekly,OG4,JUN26,,892,1356,2838,3024
2026-06-23,silver,monthly,SO,APR27,2027-03-24,0,0,12,116
2026-06-23,silver,monthly,SO,AUG26,2026-07-28,1970,1881,20762,8705
2026-06-23,silver,monthly,SO,DEC26,2026-11-24,111,46,10519,3930
2026-06-23,silver,monthly,SO,DEC27,2027-11-24,0,0,26,25
2026-06-23,silver,monthly,SO,FEB27,2027-01-26,125,0,126,44
2026-06-23,silver,monthly,SO,JAN27,2026-12-28,2,0,887,92
2026-06-23,silver,monthly,SO,JUL26,2026-06-25,1200,1456,40964,16193
2026-06-23,silver,monthly,SO,JUL27,2027-06-25,0,0,3,0
2026-06-23,silver,monthly,SO,JUN27,2027-05-25,24,15,24,14
2026-06-23,silver,monthly,SO,MAR27,2027-02-23,155,1,957,275
2026-06-23,silver,monthly,SO,MAY27,2027-04-27,0,0,1,12
2026-06-23,silver,monthly,SO,NOV26,2026-10-27,31,30,526,604
2026-06-23,silver,monthly,SO,OCT26,2026-09-24,137,44,2082,988
2026-06-23,silver,monthly,SO,SEP26,2026-08-26,2756,592,9176,5432
2026-06-23,silver,weekly,SO2,JUL26,2026-07-10,5,18,159,202
2026-06-23,silver,weekly,SO3,JUL26,2026-07-17,26,14,53,239
2026-06-23,silver,weekly,SO4,JUL26,,1,25,1,155
2026-06-23,silver,weekly,SO4,JUN26,,35,156,172,292
2026-06-24,gold,monthly,OG,APR27,2027-03-24,23,7,1230,745
2026-06-24,gold,monthly,OG,AUG26,2026-07-28,11071,12486,121393,73257
2026-06-24,gold,monthly,OG,DEC26,2026-11-24,3280,1709,146967,38652
2026-06-24,gold,monthly,OG,DEC27,2027-11-24,0,0,1485,1572
2026-06-24,gold,monthly,OG,DEC28,2028-11-27,0,0,150,0
2026-06-24,gold,monthly,OG,FEB27,2027-01-26,20,144,11939,2942
2026-06-24,gold,monthly,OG,JAN27,2026-12-28,313,38,2172,932
2026-06-24,gold,monthly,OG,JAN28,2027-12-28,0,0,0,2
2026-06-24,gold,monthly,OG,JUL26,2026-06-25,6511,26499,115624,56691
2026-06-24,gold,monthly,OG,JUN27,2027-05-25,113,0,959,611
2026-06-24,gold,monthly,OG,MAR27,2027-02-23,762,700,3305,3014
2026-06-24,gold,monthly,OG,MAY27,2027-04-27,0,0,0,2
2026-06-24,gold,monthly,OG,NOV26,2026-10-27,503,599,11173,5780
2026-06-24,gold,monthly,OG,OCT26,2026-09-24,3842,2089,53149,16517
2026-06-24,gold,monthly,OG,SEP26,2026-08-26,2605,3099,57381,27191
2026-06-24,gold,weekly,OG2,JUL26,2026-07-10,1944,898,2761,2423
2026-06-24,gold,weekly,OG3,JUL26,2026-07-17,1289,529,3729,1755
2026-06-24,gold,weekly,OG4,JUL26,,78,161,165,317
2026-06-24,gold,weekly,OG4,JUN26,,3103,3994,4069,4402
2026-06-24,silver,monthly,SO,APR27,2027-03-24,10,20,22,136
2026-06-24,silver,monthly,SO,AUG26,2026-07-28,2771,2967,21809,9568
2026-06-24,silver,monthly,SO,DEC26,2026-11-24,905,74,10626,3982
2026-06-24,silver,monthly,SO,DEC27,2027-11-24,0,0,26,25
2026-06-24,silver,monthly,SO,FEB27,2027-01-26,6,0,131,44
2026-06-24,silver,monthly,SO,JAN27,2026-12-28,6,11,890,99
2026-06-24,silver,monthly,SO,JUL26,2026-06-25,2619,3947,42119,14299
2026-06-24,silver,monthly,SO,JUL27,2027-06-25,0,0,3,0
2026-06-24,silver,monthly,SO,JUN27,2027-05-25,0,0,24,14
2026-06-24,silver,monthly,SO,MAR27,2027-02-23,95,7,1030,277
2026-06-24,silver,monthly,SO,MAY27,2027-04-27,3,0,4,12
2026-06-24,silver,monthly,SO,NOV26,2026-10-27,9,53,535,648
2026-06-24,silver,monthly,SO,OCT26,2026-09-24,96,62,2098,1028
2026-06-24,silver,monthly,SO,SEP26,2026-08-26,934,700,9801,5745
2026-06-24,silver,weekly,SO2,JUL26,2026-07-10,77,106,230,228
2026-06-24,silver,weekly,SO3,JUL26,2026-07-17,98,19,143,249
2026-06-24,silver,weekly,SO4,JUL26,,0,0,1,155
2026-06-24,silver,weekly,SO4,JUN26,,34,208,196,416
2026-06-25,gold,monthly,OG,APR27,2027-03-24,436,1,1661,746
2026-06-25,gold,monthly,OG,AUG26,2026-07-28,8253,6746,124367,74240
2026-06-25,gold,monthly,OG,DEC26,2026-11-24,3032,1779,147788,39951
2026-06-25,gold,monthly,OG,DEC27,2027-11-24,0,0,1485,1572
2026-06-25,gold,monthly,OG,DEC28,2028-11-27,0,0,150,0
2026-06-25,gold,monthly,OG,FEB27,2027-01-26,974,120,11659,3052
2026-06-25,gold,monthly,OG,JAN27,2026-12-28,61,9,2230,939
2026-06-25,gold,monthly,OG,JAN28,2027-12-28,0,0,0,2
2026-06-25,gold,monthly,OG,JUL26,2026-06-25,6435,6535,0,0
2026-06-25,gold,monthly,OG,JUN27,2027-05-25,321,0,1227,611
2026-06-25,gold,monthly,OG,MAR27,2027-02-23,321,0,3614,3014
2026-06-25,gold,monthly,OG,MAY27,2027-04-27,0,0,0,2
2026-06-25,gold,monthly,OG,NOV26,2026-10-27,18,29,11173,5783
2026-06-25,gold,monthly,OG,OCT26,2026-09-24,3893,1864,53744,17710
2026-06-25,gold,monthly,OG,SEP26,2026-08-26,6481,3178,61765,28485
2026-06-25,gold,weekly,OG2,JUL26,2026-07-10,804,617,3151,2650
2026-06-25,gold,weekly,OG3,JUL26,2026-07-17,209,166,3857,1892
2026-06-25,gold,weekly,OG4,JUL26,,25,10,186,320
2026-06-25,gold,weekly,OG4,JUN26,,3901,4028,4854,5189
2026-06-25,silver,monthly,SO,APR27,2027-03-24,8,23,30,159
2026-06-25,silver,monthly,SO,AUG26,2026-07-28,2531,2226,22883,10509
2026-06-25,silver,monthly,SO,DEC26,2026-11-24,1335,27,10852,3995
2026-06-25,silver,monthly,SO,DEC27,2027-11-24,0,0,26,25
2026-06-25,silver,monthly,SO,FEB27,2027-01-26,10,0,141,44
2026-06-25,silver,monthly,SO,JAN27,2026-12-28,0,0,890,99
2026-06-25,silver,monthly,SO,JUL26,2026-06-25,981,786,0,0
2026-06-25,silver,monthly,SO,JUL27,2027-06-25,0,0,3,0
2026-06-25,silver,monthly,SO,JUN27,2027-05-25,200,0,224,14
2026-06-25,silver,monthly,SO,MAR27,2027-02-23,202,35,1231,302
2026-06-25,silver,monthly,SO,MAY27,2027-04-27,0,0,4,12
2026-06-25,silver,monthly,SO,NOV26,2026-10-27,33,3,546,649
2026-06-25,silver,monthly,SO,OCT26,2026-09-24,165,41,2188,1043
2026-06-25,silver,monthly,SO,SEP26,2026-08-26,1370,960,10682,6103
2026-06-25,silver,weekly,SO2,JUL26,2026-07-10,132,62,355,212
2026-06-25,silver,weekly,SO3,JUL26,2026-07-17,0,8,143,251
2026-06-25,silver,weekly,SO4,JUL26,,10,0,11,155
2026-06-25,silver,weekly,SO4,JUN26,,275,201,440,525
2026-06-26,gold,monthly,OG,APR27,2027-03-24,100,32,1761,777
2026-06-26,gold,monthly,OG,AUG26,2026-07-28,9880,4974,127375,75678
2026-06-26,gold,monthly,OG,DEC26,2026-11-24,8545,4598,151367,43790
2026-06-26,gold,monthly,OG,DEC27,2027-11-24,0,0,1485,1572
2026-06-26,gold,monthly,OG,DEC28,2028-11-27,0,0,150,0
2026-06-26,gold,monthly,OG,FEB27,2027-01-26,5,2,11657,3053
2026-06-26,gold,monthly,OG,JAN27,2026-12-28,55,5,2253,941
2026-06-26,gold,monthly,OG,JAN28,2027-12-28,0,0,0,2
2026-06-26,gold,monthly,OG,JUN27,2027-05-25,53,50,1279,661
2026-06-26,gold,monthly,OG,MAR27,2027-02-23,174,174,3785,3187
2026-06-26,gold,monthly,OG,MAY27,2027-04-27,0,0,0,2
2026-06-26,gold,monthly,OG,NOV26,2026-10-27,134,63,11266,5824
2026-06-26,gold,monthly,OG,OCT26,2026-09-24,1266,717,54255,17752
2026-06-26,gold,monthly,OG,SEP26,2026-08-26,3613,1816,63970,29006
2026-06-26,gold,weekly,OG2,JUL26,2026-07-10,406,830,3403,3067
2026-06-26,gold,weekly,OG3,JUL26,2026-07-17,218,34,4033,1903
2026-06-26,gold,weekly,OG4,JUL26,,34,31,219,321
2026-06-26,gold,weekly,OG4,JUN26,,4273,5484,0,0
2026-06-26,silver,monthly,SO,APR27,2027-03-24,0,0,30,159
2026-06-26,silver,monthly,SO,AUG26,2026-07-28,2053,1148,23693,10728
2026-06-26,silver,monthly,SO,DEC26,2026-11-24,182,25,10855,4012
2026-06-26,silver,monthly,SO,DEC27,2027-11-24,0,0,26,25
2026-06-26,silver,monthly,SO,FEB27,2027-01-26,3,2,143,46
2026-06-26,silver,monthly,SO,JAN27,2026-12-28,104,3,994,101
2026-06-26,silver,monthly,SO,JUL27,2027-06-25,0,150,3,150
2026-06-26,silver,monthly,SO,JUN27,2027-05-25,1,0,225,14
2026-06-26,silver,monthly,SO,MAR27,2027-02-23,36,0,1230,302
2026-06-26,silver,monthly,SO,MAY27,2027-04-27,0,0,4,12
2026-06-26,silver,monthly,SO,NOV26,2026-10-27,119,0,529,649
2026-06-26,silver,monthly,SO,OCT26,2026-09-24,95,1,2248,1043
2026-06-26,silver,monthly,SO,SEP26,2026-08-26,1289,431,11777,6301
2026-06-26,silver,weekly,SO2,JUL26,2026-07-10,32,25,386,236
2026-06-26,silver,weekly,SO3,JUL26,2026-07-17,2,3,144,254
2026-06-26,silver,weekly,SO4,JUL26,,1,3,12,158
2026-06-26,silver,weekly,SO4,JUN26,,150,90,0,0
2026-06-29,gold,monthly,OG,APR27,2027-03-24,33,267,1793,1038
2026-06-29,gold,monthly,OG,AUG26,2026-07-28,6657,5520,129607,76472
2026-06-29,gold,monthly,OG,DEC26,2026-11-24,7767,5148,155885,47743
2026-06-29,gold,monthly,OG,DEC27,2027-11-24,0,0,1485,1572
2026-06-29,gold,monthly,OG,DEC28,2028-11-27,0,0,150,0
2026-06-29,gold,monthly,OG,FEB27,2027-01-26,94,9,11673,3061
2026-06-29,gold,monthly,OG,JAN27,2026-12-28,16,12,2265,945
2026-06-29,gold,monthly,OG,JAN28,2027-12-28,0,0,0,2
2026-06-29,gold,monthly,OG,JUN27,2027-05-25,6,0,1285,661
2026-06-29,gold,monthly,OG,MAR27,2027-02-23,1176,149,4960,3216
2026-06-29,gold,monthly,OG,MAY27,2027-04-27,0,0,0,2
2026-06-29,gold,monthly,OG,NOV26,2026-10-27,337,23,11549,5841
2026-06-29,gold,monthly,OG,OCT26,2026-09-24,1856,341,54228,17940
2026-06-29,gold,monthly,OG,SEP26,2026-08-26,1992,1656,65176,29724
2026-06-29,gold,weekly,OG2,JUL26,2026-07-10,473,437,3651,3008
2026-06-29,gold,weekly,OG3,JUL26,2026-07-17,216,219,3954,2009
2026-06-29,gold,weekly,OG4,JUL26,,0,10,219,321
2026-06-29,silver,monthly,SO,APR27,2027-03-24,0,0,30,159
2026-06-29,silver,monthly,SO,AUG26,2026-07-28,1106,836,23932,11000
2026-06-29,silver,monthly,SO,DEC26,2026-11-24,16,7,10858,4007
2026-06-29,silver,monthly,SO,DEC27,2027-11-24,0,0,26,25
2026-06-29,silver,monthly,SO,FEB27,2027-01-26,3,0,142,46
2026-06-29,silver,monthly,SO,JAN27,2026-12-28,1,0,995,101
2026-06-29,silver,monthly,SO,JUL27,2027-06-25,0,0,3,150
2026-06-29,silver,monthly,SO,JUN27,2027-05-25,1,0,226,14
2026-06-29,silver,monthly,SO,MAR27,2027-02-23,25,27,1255,329
2026-06-29,silver,monthly,SO,MAY27,2027-04-27,0,0,4,12
2026-06-29,silver,monthly,SO,NOV26,2026-10-27,33,22,549,663
2026-06-29,silver,monthly,SO,OCT26,2026-09-24,194,115,2295,1089
2026-06-29,silver,monthly,SO,SEP26,2026-08-26,443,365,11937,6505
2026-06-29,silver,weekly,SO2,JUL26,2026-07-10,14,90,400,304
2026-06-29,silver,weekly,SO3,JUL26,2026-07-17,1,159,145,258
2026-06-29,silver,weekly,SO4,JUL26,,2,130,14,52
2026-06-30,gold,monthly,OG,APR27,2027-03-24,4,2,1794,1039
2026-06-30,gold,monthly,OG,AUG26,2026-07-28,8234,3219,130919,76624
2026-06-30,gold,monthly,OG,DEC26,2026-11-24,6195,1776,159747,48722
2026-06-30,gold,monthly,OG,DEC27,2027-11-24,0,0,1485,1572
2026-06-30,gold,monthly,OG,DEC28,2028-11-27,0,0,150,0
2026-06-30,gold,monthly,OG,FEB27,2027-01-26,9,7,11681,3064
2026-06-30,gold,monthly,OG,JAN27,2026-12-28,64,7,2300,946
2026-06-30,gold,monthly,OG,JAN28,2027-12-28,0,0,0,2
2026-06-30,gold,monthly,OG,JUN27,2027-05-25,21,0,1297,661
2026-06-30,gold,monthly,OG,MAR27,2027-02-23,754,280,5711,3332
2026-06-30,gold,monthly,OG,MAY27,2027-04-27,0,0,0,2
2026-06-30,gold,monthly,OG,NOV26,2026-10-27,531,78,11943,5899
2026-06-30,gold,monthly,OG,OCT26,2026-09-24,2039,713,54970,18349
2026-06-30,gold,monthly,OG,SEP26,2026-08-26,7412,2415,69682,30276
2026-06-30,gold,weekly,OG2,JUL26,2026-07-10,851,682,4046,3305
2026-06-30,gold,weekly,OG3,JUL26,2026-07-17,263,134,3998,2031
2026-06-30,gold,weekly,OG4,JUL26,2026-07-24,50,13,204,324
2026-06-30,silver,monthly,SO,APR27,2027-03-24,1,0,30,159
2026-06-30,silver,monthly,SO,AUG26,2026-07-28,2554,859,25188,11207
2026-06-30,silver,monthly,SO,DEC26,2026-11-24,111,69,10949,4053
2026-06-30,silver,monthly,SO,DEC27,2027-11-24,0,0,26,25
2026-06-30,silver,monthly,SO,FEB27,2027-01-26,0,3,142,43
2026-06-30,silver,monthly,SO,JAN27,2026-12-28,3,0,998,101
2026-06-30,silver,monthly,SO,JUL27,2027-06-25,0,0,3,150
2026-06-30,silver,monthly,SO,JUN27,2027-05-25,0,0,226,14
2026-06-30,silver,monthly,SO,MAR27,2027-02-23,5,25,1259,354
2026-06-30,silver,monthly,SO,MAY27,2027-04-27,0,0,4,12
2026-06-30,silver,monthly,SO,NOV26,2026-10-27,22,0,571,663
2026-06-30,silver,monthly,SO,OCT26,2026-09-24,171,39,2420,1082
2026-06-30,silver,monthly,SO,SEP26,2026-08-26,691,311,12330,6638
2026-06-30,silver,weekly,SO2,JUL26,2026-07-10,51,177,435,407
2026-06-30,silver,weekly,SO3,JUL26,2026-07-17,0,3,145,256
2026-06-30,silver,weekly,SO4,JUL26,2026-07-24,6,2,17,54
2026-07-01,gold,monthly,OG,APR27,2027-03-24,7,7,1801,1045
2026-07-01,gold,monthly,OG,AUG26,2026-07-28,16031,8362,134605,76923
2026-07-01,gold,monthly,OG,DEC26,2026-11-24,7110,2335,161856,49981
2026-07-01,gold,monthly,OG,DEC27,2027-11-24,0,0,1485,1572
2026-07-01,gold,monthly,OG,DEC28,2028-11-27,0,0,150,0
2026-07-01,gold,monthly,OG,FEB27,2027-01-26,95,158,11770,3220
2026-07-01,gold,monthly,OG,JAN27,2026-12-28,15,44,2305,962
2026-07-01,gold,monthly,OG,JAN28,2027-12-28,0,0,0,2
2026-07-01,gold,monthly,OG,JUN27,2027-05-25,0,0,1297,661
2026-07-01,gold,monthly,OG,MAR27,2027-02-23,13,82,5722,3252
2026-07-01,gold,monthly,OG,MAY27,2027-04-27,0,0,0,2
2026-07-01,gold,monthly,OG,NOV26,2026-10-27,684,454,12550,6320
2026-07-01,gold,monthly,OG,OCT26,2026-09-24,2030,1253,55583,18832
2026-07-01,gold,monthly,OG,SEP26,2026-08-26,2663,2647,71117,30999
2026-07-01,gold,weekly,OG2,JUL26,2026-07-10,1262,756,4265,3247
2026-07-01,gold,weekly,OG3,JUL26,2026-07-17,2548,326,3557,2244
2026-07-01,gold,weekly,OG4,JUL26,2026-07-24,19,27,219,324
2026-07-01,silver,monthly,SO,APR27,2027-03-24,0,0,30,159
2026-07-01,silver,monthly,SO,AUG26,2026-07-28,1674,1130,25451,11541
2026-07-01,silver,monthly,SO,DEC26,2026-11-24,652,321,11421,4373
2026-07-01,silver,monthly,SO,DEC27,2027-11-24,0,0,26,25
2026-07-01,silver,monthly,SO,FEB27,2027-01-26,5,0,147,43
2026-07-01,silver,monthly,SO,JAN27,2026-12-28,8,1,1004,101
2026-07-01,silver,monthly,SO,JUL27,2027-06-25,0,0,3,150
2026-07-01,silver,monthly,SO,JUN27,2027-05-25,2,0,226,14
2026-07-01,silver,monthly,SO,MAR27,2027-02-23,69,1,1308,355
2026-07-01,silver,monthly,SO,MAY27,2027-04-27,0,0,4,12
2026-07-01,silver,monthly,SO,NOV26,2026-10-27,16,6,587,659
2026-07-01,silver,monthly,SO,OCT26,2026-09-24,207,5,2557,1086
2026-07-01,silver,monthly,SO,SEP26,2026-08-26,497,470,12552,6815
2026-07-01,silver,weekly,SO2,JUL26,2026-07-10,84,87,452,478
2026-07-01,silver,weekly,SO3,JUL26,2026-07-17,64,9,149,258
2026-07-01,silver,weekly,SO4,JUL26,2026-07-24,3,0,19,54
2026-07-02,gold,monthly,OG,APR27,2027-03-24,358,337,1910,1149
2026-07-02,gold,monthly,OG,AUG26,2026-07-28,9149,5241,136526,77629
2026-07-02,gold,monthly,OG,DEC26,2026-11-24,3529,1348,163389,50681
2026-07-02,gold,monthly,OG,DEC27,2027-11-24,0,0,1485,1572
2026-07-02,gold,monthly,OG,DEC28,2028-11-27,0,0,150,0
2026-07-02,gold,monthly,OG,FEB27,2027-01-26,329,2,12066,3222
2026-07-02,gold,monthly,OG,JAN27,2026-12-28,587,38,2845,993
2026-07-02,gold,monthly,OG,JAN28,2027-12-28,0,0,0,2
2026-07-02,gold,monthly,OG,JUN27,2027-05-25,2,0,1299,661
2026-07-02,gold,monthly,OG,MAR27,2027-02-23,283,374,5883,3617
2026-07-02,gold,monthly,OG,MAY27,2027-04-27,9,0,9,2
2026-07-02,gold,monthly,OG,NOV26,2026-10-27,648,190,13141,6478
2026-07-02,gold,monthly,OG,OCT26,2026-09-24,1567,1847,56341,20011
2026-07-02,gold,monthly,OG,SEP26,2026-08-26,2725,1105,71436,31487
2026-07-02,gold,weekly,OG2,JUL26,2026-07-10,1619,1767,4473,4338
2026-07-02,gold,weekly,OG3,JUL26,2026-07-17,275,852,3697,2877
2026-07-02,gold,weekly,OG4,JUL26,2026-07-24,39,54,250,338
2026-07-02,silver,monthly,SO,APR27,2027-03-24,0,0,30,159
2026-07-02,silver,monthly,SO,AUG26,2026-07-28,1441,731,25431,11596
2026-07-02,silver,monthly,SO,DEC26,2026-11-24,190,301,11527,4638
2026-07-02,silver,monthly,SO,DEC27,2027-11-24,0,0,26,25
2026-07-02,silver,monthly,SO,FEB27,2027-01-26,6,0,152,43
2026-07-02,silver,monthly,SO,JAN27,2026-12-28,5,1,1007,102
2026-07-02,silver,monthly,SO,JUL27,2027-06-25,0,0,3,150
2026-07-02,silver,monthly,SO,JUN27,2027-05-25,0,0,226,14
2026-07-02,silver,monthly,SO,MAR27,2027-02-23,0,25,1308,380
2026-07-02,silver,monthly,SO,MAY27,2027-04-27,0,1,4,13
2026-07-02,silver,monthly,SO,NOV26,2026-10-27,7,5,594,664
2026-07-02,silver,monthly,SO,OCT26,2026-09-24,13,8,2563,1094
2026-07-02,silver,monthly,SO,SEP26,2026-08-26,508,365,12587,6941
2026-07-02,silver,weekly,SO2,JUL26,2026-07-10,248,87,624,535
2026-07-02,silver,weekly,SO3,JUL26,2026-07-17,28,3,158,260
2026-07-02,silver,weekly,SO4,JUL26,2026-07-24,7,0,18,54
2026-07-06,gold,monthly,OG,APR27,2027-03-24,3,5,1913,1154
2026-07-06,gold,monthly,OG,AUG26,2026-07-28,12113,6043,137140,77104
2026-07-06,gold,monthly,OG,DEC26,2026-11-24,5976,1662,166498,52032
2026-07-06,gold,monthly,OG,DEC27,2027-11-24,0,0,1485,1572
2026-07-06,gold,monthly,OG,DEC28,2028-11-27,0,0,150,0
2026-07-06,gold,monthly,OG,FEB27,2027-01-26,612,541,12602,3762
2026-07-06,gold,monthly,OG,JAN27,2026-12-28,156,50,2951,1040
2026-07-06,gold,monthly,OG,JAN28,2027-12-28,0,0,0,2
2026-07-06,gold,monthly,OG,JUN27,2027-05-25,67,63,1366,724
2026-07-06,gold,monthly,OG,MAR27,2027-02-23,3,100,5883,3717
2026-07-06,gold,monthly,OG,MAY27,2027-04-27,11,25,20,27
2026-07-06,gold,monthly,OG,NOV26,2026-10-27,987,882,13938,7307
2026-07-06,gold,monthly,OG,OCT26,2026-09-24,1907,925,56984,20387
2026-07-06,gold,monthly,OG,SEP26,2026-08-26,4703,2950,73283,32710
2026-07-06,gold,weekly,OG2,JUL26,2026-07-10,1895,2345,4365,5352
2026-07-06,gold,weekly,OG3,JUL26,2026-07-17,843,636,3844,3260
2026-07-06,gold,weekly,OG4,JUL26,2026-07-24,219,18,450,340
2026-07-06,silver,monthly,SO,APR27,2027-03-24,0,0,30,159
2026-07-06,silver,monthly,SO,AUG26,2026-07-28,2097,1025,25485,11586
2026-07-06,silver,monthly,SO,DEC26,2026-11-24,309,37,11395,4675
2026-07-06,silver,monthly,SO,DEC27,2027-11-24,0,0,26,25
2026-07-06,silver,monthly,SO,FEB27,2027-01-26,0,0,152,43
2026-07-06,silver,monthly,SO,JAN27,2026-12-28,12,0,1018,102
2026-07-06,silver,monthly,SO,JUL27,2027-06-25,0,0,3,150
2026-07-06,silver,monthly,SO,JUN27,2027-05-25,0,0,226,14
2026-07-06,silver,monthly,SO,MAR27,2027-02-23,26,28,1334,405
2026-07-06,silver,monthly,SO,MAY27,2027-04-27,4,0,4,13
2026-07-06,silver,monthly,SO,NOV26,2026-10-27,9,4,602,664
2026-07-06,silver,monthly,SO,OCT26,2026-09-24,31,7,2576,1094
2026-07-06,silver,monthly,SO,SEP26,2026-08-26,830,611,12945,7080
2026-07-06,silver,weekly,SO2,JUL26,2026-07-10,74,216,615,607
2026-07-06,silver,weekly,SO3,JUL26,2026-07-17,54,27,178,287
2026-07-06,silver,weekly,SO4,JUL26,2026-07-24,6,0,20,54
2026-07-07,gold,monthly,OG,APR27,2027-03-24,5,0,1916,1154
2026-07-07,gold,monthly,OG,AUG26,2026-07-28,7881,4488,136745,77769
2026-07-07,gold,monthly,OG,DEC26,2026-11-24,23449,2208,184854,53410
2026-07-07,gold,monthly,OG,DEC27,2027-11-24,0,0,1485,1572
2026-07-07,gold,monthly,OG,DEC28,2028-11-27,0,0,150,0
2026-07-07,gold,monthly,OG,FEB27,2027-01-26,133,21,12603,3782
2026-07-07,gold,monthly,OG,JAN27,2026-12-28,130,125,3062,1158
2026-07-07,gold,monthly,OG,JAN28,2027-12-28,0,0,0,2
2026-07-07,gold,monthly,OG,JUN27,2027-05-25,0,0,1366,724
2026-07-07,gold,monthly,OG,MAR27,2027-02-23,71,74,5954,3787
2026-07-07,gold,monthly,OG,MAY27,2027-04-27,139,0,159,27
2026-07-07,gold,monthly,OG,NOV26,2026-10-27,372,201,14174,7502
2026-07-07,gold,monthly,OG,OCT26,2026-09-24,3356,1507,58583,21446
2026-07-07,gold,monthly,OG,SEP26,2026-08-26,3075,2429,74590,33636
2026-07-07,gold,weekly,OG2,JUL26,2026-07-10,1090,1289,4532,5759
2026-07-07,gold,weekly,OG3,JUL26,2026-07-17,573,615,4050,3532
2026-07-07,gold,weekly,OG4,JUL26,2026-07-24,53,77,484,404
2026-07-07,silver,monthly,SO,APR27,2027-03-24,0,0,30,159
2026-07-07,silver,monthly,SO,AUG26,2026-07-28,2408,800,26099,11590
2026-07-07,silver,monthly,SO,DEC26,2026-11-24,90,176,11442,4809
2026-07-07,silver,monthly,SO,DEC27,2027-11-24,0,0,26,25
2026-07-07,silver,monthly,SO,FEB27,2027-01-26,2,0,150,43
2026-07-07,silver,monthly,SO,JAN27,2026-12-28,1,1,1019,103
2026-07-07,silver,monthly,SO,JUL27,2027-06-25,0,0,3,150
2026-07-07,silver,monthly,SO,JUN27,2027-05-25,0,0,226,14
2026-07-07,silver,monthly,SO,MAR27,2027-02-23,25,0,1359,405
2026-07-07,silver,monthly,SO,MAY27,2027-04-27,0,0,4,13
2026-07-07,silver,monthly,SO,NOV26,2026-10-27,5,6,599,664
2026-07-07,silver,monthly,SO,OCT26,2026-09-24,119,5,2598,1095
2026-07-07,silver,monthly,SO,SEP26,2026-08-26,494,214,13115,7146
2026-07-07,silver,weekly,SO2,JUL26,2026-07-10,76,131,683,711
2026-07-07,silver,weekly,SO3,JUL26,2026-07-17,48,18,182,298
2026-07-07,silver,weekly,SO4,JUL26,2026-07-24,2,0,20,54
2026-07-09,gold,monthly,OG,APR27,2027-03-24,15,32,1929,1183
2026-07-09,gold,monthly,OG,AUG26,2026-07-28,7296,3915,136669,78170
2026-07-09,gold,monthly,OG,DEC26,2026-11-24,9137,466,191095,54216
2026-07-09,gold,monthly,OG,DEC27,2027-11-24,0,0,1485,1572
2026-07-09,gold,monthly,OG,DEC28,2028-11-27,0,0,150,0
2026-07-09,gold,monthly,OG,FEB27,2027-01-26,242,103,12639,3951
2026-07-09,gold,monthly,OG,JAN27,2026-12-28,184,9,3253,1325
2026-07-09,gold,monthly,OG,JAN28,2027-12-28,0,0,0,2
2026-07-09,gold,monthly,OG,JUN27,2027-05-25,25,25,1431,749
2026-07-09,gold,monthly,OG,MAR27,2027-02-23,0,3,6245,3788
2026-07-09,gold,monthly,OG,MAY27,2027-04-27,0,0,160,27
2026-07-09,gold,monthly,OG,NOV26,2026-10-27,423,162,15582,8076
2026-07-09,gold,monthly,OG,OCT26,2026-09-24,2652,1210,59447,22488
2026-07-09,gold,monthly,OG,SEP26,2026-08-26,3407,1362,77061,34686
2026-07-09,gold,weekly,OG2,JUL26,2026-07-10,2300,2020,6117,6385
2026-07-09,gold,weekly,OG3,JUL26,2026-07-17,620,290,5312,3786
2026-07-09,gold,weekly,OG4,JUL26,2026-07-24,151,69,773,451
2026-07-09,silver,monthly,SO,APR27,2027-03-24,0,0,30,159
2026-07-09,silver,monthly,SO,AUG26,2026-07-28,1685,768,26788,12031
2026-07-09,silver,monthly,SO,DEC26,2026-11-24,148,140,11445,4947
2026-07-09,silver,monthly,SO,DEC27,2027-11-24,0,0,26,25
2026-07-09,silver,monthly,SO,FEB27,2027-01-26,0,0,150,43
2026-07-09,silver,monthly,SO,JAN27,2026-12-28,70,0,1078,103
2026-07-09,silver,monthly,SO,JUL27,2027-06-25,0,0,3,150
2026-07-09,silver,monthly,SO,JUN27,2027-05-25,0,0,226,14
2026-07-09,silver,monthly,SO,MAR27,2027-02-23,450,0,1551,445
2026-07-09,silver,monthly,SO,MAY27,2027-04-27,0,0,4,13
2026-07-09,silver,monthly,SO,NOV26,2026-10-27,0,1,599,651
2026-07-09,silver,monthly,SO,OCT26,2026-09-24,12,37,2610,1134
2026-07-09,silver,monthly,SO,SEP26,2026-08-26,640,322,13642,7398
2026-07-09,silver,weekly,SO2,JUL26,2026-07-10,88,156,817,913
2026-07-09,silver,weekly,SO3,JUL26,2026-07-17,96,40,293,352
2026-07-09,silver,weekly,SO4,JUL26,2026-07-24,0,3,22,55
2026-07-10,gold,monthly,OG,APR27,2027-03-24,1057,20,2859,1183
2026-07-10,gold,monthly,OG,AUG26,2026-07-28,4532,2851,136461,77809
2026-07-10,gold,monthly,OG,DEC26,2026-11-24,5642,1553,194875,55205
2026-07-10,gold,monthly,OG,DEC27,2027-11-24,0,0,1485,1572
2026-07-10,gold,monthly,OG,DEC28,2028-11-27,0,0,150,0
2026-07-10,gold,monthly,OG,FEB27,2027-01-26,503,406,12992,4353
2026-07-10,gold,monthly,OG,JAN27,2026-12-28,1,2,3253,1320
2026-07-10,gold,monthly,OG,JAN28,2027-12-28,0,0,0,2
2026-07-10,gold,monthly,OG,JUN27,2027-05-25,0,3,1431,752
2026-07-10,gold,monthly,OG,MAR27,2027-02-23,58,6,6253,3792
2026-07-10,gold,monthly,OG,MAY27,2027-04-27,19,0,179,27
2026-07-10,gold,monthly,OG,NOV26,2026-10-27,614,492,16088,8516
2026-07-10,gold,monthly,OG,OCT26,2026-09-24,5728,799,63273,23001
2026-07-10,gold,monthly,OG,SEP26,2026-08-26,6726,3157,75391,34951
2026-07-10,gold,weekly,OG2,JUL26,2026-07-10,3440,3624,0,0
2026-07-10,gold,weekly,OG3,JUL26,2026-07-17,549,849,5492,4080
2026-07-10,gold,weekly,OG4,JUL26,2026-07-24,330,140,749,552
2026-07-10,silver,monthly,SO,APR27,2027-03-24,0,0,30,159
2026-07-10,silver,monthly,SO,AUG26,2026-07-28,542,486,26815,12147
2026-07-10,silver,monthly,SO,DEC26,2026-11-24,26,3,11471,4950
2026-07-10,silver,monthly,SO,DEC27,2027-11-24,0,0,26,25
2026-07-10,silver,monthly,SO,FEB27,2027-01-26,1,1,151,44
2026-07-10,silver,monthly,SO,JAN27,2026-12-28,61,0,1137,103
2026-07-10,silver,monthly,SO,JUL27,2027-06-25,0,0,3,150
2026-07-10,silver,monthly,SO,JUN27,2027-05-25,3,0,229,14
2026-07-10,silver,monthly,SO,MAR27,2027-02-23,1,35,1550,480
2026-07-10,silver,monthly,SO,MAY27,2027-04-27,0,0,4,13
2026-07-10,silver,monthly,SO,NOV26,2026-10-27,1,0,599,651
2026-07-10,silver,monthly,SO,OCT26,2026-09-24,24,32,2625,1164
2026-07-10,silver,monthly,SO,SEP26,2026-08-26,372,233,13798,7493
2026-07-10,silver,weekly,SO2,JUL26,2026-07-10,60,53,0,0
2026-07-10,silver,weekly,SO3,JUL26,2026-07-17,54,104,324,443
2026-07-10,silver,weekly,SO4,JUL26,2026-07-24,1,0,23,55
2026-07-13,gold,monthly,OG,APR27,2027-03-24,64,12,2922,1195
2026-07-13,gold,monthly,OG,AUG26,2026-07-28,6916,9824,137436,77860
2026-07-13,gold,monthly,OG,DEC26,2026-11-24,5031,1619,198733,55117
2026-07-13,gold,monthly,OG,DEC27,2027-11-24,0,0,1485,1572
2026-07-13,gold,monthly,OG,DEC28,2028-11-27,0,0,150,0
2026-07-13,gold,monthly,OG,FEB27,2027-01-26,51,215,12976,4408
2026-07-13,gold,monthly,OG,JAN27,2026-12-28,168,41,3362,1359
2026-07-13,gold,monthly,OG,JAN28,2027-12-28,0,0,0,2
2026-07-13,gold,monthly,OG,JUN27,2027-05-25,0,0,1431,752
2026-07-13,gold,monthly,OG,MAR27,2027-02-23,543,30,6694,3822
2026-07-13,gold,monthly,OG,MAY27,2027-04-27,6,0,185,27
2026-07-13,gold,monthly,OG,NOV26,2026-10-27,559,322,16482,8646
2026-07-13,gold,monthly,OG,OCT26,2026-09-24,5766,1222,67568,23349
2026-07-13,gold,monthly,OG,SEP26,2026-08-26,3225,3447,76150,35603
2026-07-13,gold,weekly,OG1,AUG26,2026-08-07,126,245,126,245
2026-07-13,gold,weekly,OG3,JUL26,2026-07-17,1103,1948,5982,4889
2026-07-13,gold,weekly,OG4,JUL26,2026-07-24,225,142,900,656
2026-07-13,silver,monthly,SO,APR27,2027-03-24,0,1,30,160
2026-07-13,silver,monthly,SO,AUG26,2026-07-28,1122,1468,27053,12340
2026-07-13,silver,monthly,SO,DEC26,2026-11-24,69,3,11480,4952
2026-07-13,silver,monthly,SO,DEC27,2027-11-24,0,0,26,25
2026-07-13,silver,monthly,SO,FEB27,2027-01-26,1,12,152,56
2026-07-13,silver,monthly,SO,JAN27,2026-12-28,80,0,1217,103
2026-07-13,silver,monthly,SO,JUL27,2027-06-25,0,0,3,150
2026-07-13,silver,monthly,SO,JUN27,2027-05-25,0,0,229,14
2026-07-13,silver,monthly,SO,MAR27,2027-02-23,3,0,1552,480
2026-07-13,silver,monthly,SO,MAY27,2027-04-27,0,0,4,13
2026-07-13,silver,monthly,SO,NOV26,2026-10-27,2,8,601,645
2026-07-13,silver,monthly,SO,OCT26,2026-09-24,47,74,2643,1217
2026-07-13,silver,monthly,SO,SEP26,2026-08-26,432,226,14047,7549
2026-07-13,silver,weekly,SO1,AUG26,2026-08-07,4,4,4,4
2026-07-13,silver,weekly,SO3,JUL26,2026-07-17,95,138,410,546
2026-07-13,silver,weekly,SO4,JUL26,2026-07-24,22,5,35,60
2026-07-15,gold,monthly,OG,APR27,2027-03-24,139,1,3077,1197
2026-07-15,gold,monthly,OG,AUG26,2026-07-28,5440,3489,137974,77262
2026-07-15,gold,monthly,OG,DEC26,2026-11-24,3565,1322,201916,55092
2026-07-15,gold,monthly,OG,DEC27,2027-11-24,0,0,1485,1572
2026-07-15,gold,monthly,OG,DEC28,2028-11-27,0,0,150,0
2026-07-15,gold,monthly,OG,FEB27,2027-01-26,880,121,12974,4773
2026-07-15,gold,monthly,OG,JAN27,2026-12-28,7,12,3469,1536
2026-07-15,gold,monthly,OG,JAN28,2027-12-28,0,0,0,2
2026-07-15,gold,monthly,OG,JUN27,2027-05-25,0,0,1531,853
2026-07-15,gold,monthly,OG,MAR27,2027-02-23,83,60,6870,3776
2026-07-15,gold,monthly,OG,MAY27,2027-04-27,0,0,185,28
2026-07-15,gold,monthly,OG,NOV26,2026-10-27,4116,942,18827,9525
2026-07-15,gold,monthly,OG,OCT26,2026-09-24,14243,938,68052,23728
2026-07-15,gold,monthly,OG,SEP26,2026-08-26,4124,2506,76421,36842
2026-07-15,gold,weekly,OG1,AUG26,2026-08-07,36,14,216,264
2026-07-15,gold,weekly,OG3,JUL26,2026-07-17,3286,2872,7878,6154
2026-07-15,gold,weekly,OG4,JUL26,2026-07-24,336,83,1254,780
2026-07-15,silver,monthly,SO,APR27,2027-03-24,1,1,31,186
2026-07-15,silver,monthly,SO,AUG26,2026-07-28,1497,748,27675,12291
2026-07-15,silver,monthly,SO,DEC26,2026-11-24,88,5,11566,5012
2026-07-15,silver,monthly,SO,DEC27,2027-11-24,80,0,106,25
2026-07-15,silver,monthly,SO,FEB27,2027-01-26,2,10,155,66
2026-07-15,silver,monthly,SO,JAN27,2026-12-28,27,10,1245,113
2026-07-15,silver,monthly,SO,JUL27,2027-06-25,0,0,3,150
2026-07-15,silver,monthly,SO,JUN27,2027-05-25,1,0,233,14
2026-07-15,silver,monthly,SO,MAR27,2027-02-23,7,30,1559,510
2026-07-15,silver,monthly,SO,MAY27,2027-04-27,0,0,4,13
2026-07-15,silver,monthly,SO,NOV26,2026-10-27,16,27,621,672
2026-07-15,silver,monthly,SO,OCT26,2026-09-24,263,94,2822,1399
2026-07-15,silver,monthly,SO,SEP26,2026-08-26,904,562,14672,8026
2026-07-15,silver,weekly,SO1,AUG26,2026-08-07,0,0,4,4
2026-07-15,silver,weekly,SO3,JUL26,2026-07-17,81,139,504,675
2026-07-15,silver,weekly,SO4,JUL26,2026-07-24,10,16,43,75
2026-07-16,gold,monthly,OG,APR27,2027-03-24,92,0,3169,1197
2026-07-16,gold,monthly,OG,AUG26,2026-07-28,6789,6986,138326,74999
2026-07-16,gold,monthly,OG,DEC26,2026-11-24,4655,1379,204542,55402
2026-07-16,gold,monthly,OG,DEC27,2027-11-24,0,0,1485,1572
2026-07-16,gold,monthly,OG,DEC28,2028-11-27,0,0,150,0
2026-07-16,gold,monthly,OG,FEB27,2027-01-26,1893,60,13347,4829
2026-07-16,gold,monthly,OG,JAN27,2026-12-28,920,978,4210,2473
2026-07-16,gold,monthly,OG,JAN28,2027-12-28,0,0,0,2
2026-07-16,gold,monthly,OG,JUN27,2027-05-25,362,0,1733,853
2026-07-16,gold,monthly,OG,MAR27,2027-02-23,300,320,7170,3796
2026-07-16,gold,monthly,OG,MAY27,2027-04-27,0,0,185,28
2026-07-16,gold,monthly,OG,NOV26,2026-10-27,380,845,19142,10077
2026-07-16,gold,monthly,OG,OCT26,2026-09-24,7105,933,72140,24101
2026-07-16,gold,monthly,OG,SEP26,2026-08-26,3825,2956,77821,36890
2026-07-16,gold,weekly,OG1,AUG26,2026-08-07,27,33,243,292
2026-07-16,gold,weekly,OG3,JUL26,2026-07-17,4008,5372,9410,7874
2026-07-16,gold,weekly,OG4,JUL26,2026-07-24,820,155,1609,850
2026-07-16,silver,monthly,SO,APR27,2027-03-24,0,0,31,186
2026-07-16,silver,monthly,SO,AUG26,2026-07-28,2098,1611,28123,12142
2026-07-16,silver,monthly,SO,DEC26,2026-11-24,450,53,11733,5063
2026-07-16,silver,monthly,SO,DEC27,2027-11-24,0,0,106,25
2026-07-16,silver,monthly,SO,FEB27,2027-01-26,1,0,156,66
2026-07-16,silver,monthly,SO,JAN27,2026-12-28,0,5,1245,118
2026-07-16,silver,monthly,SO,JUL27,2027-06-25,0,0,3,150
2026-07-16,silver,monthly,SO,JUN27,2027-05-25,0,0,233,14
2026-07-16,silver,monthly,SO,MAR27,2027-02-23,127,0,1610,510
2026-07-16,silver,monthly,SO,MAY27,2027-04-27,2,0,6,13
2026-07-16,silver,monthly,SO,NOV26,2026-10-27,1,20,622,656
2026-07-16,silver,monthly,SO,OCT26,2026-09-24,216,62,2962,1441
2026-07-16,silver,monthly,SO,SEP26,2026-08-26,887,820,15022,8313
2026-07-16,silver,weekly,SO1,AUG26,2026-08-07,0,2,4,6
2026-07-16,silver,weekly,SO3,JUL26,2026-07-17,95,376,561,913
2026-07-16,silver,weekly,SO4,JUL26,2026-07-24,45,30,72,103
2026-07-17,gold,monthly,OG,APR27,2027-03-24,93,233,3262,1428
2026-07-17,gold,monthly,OG,AUG26,2026-07-28,5136,4337,138360,74451
2026-07-17,gold,monthly,OG,DEC26,2026-11-24,5011,952,205006,55677
2026-07-17,gold,monthly,OG,DEC27,2027-11-24,0,0,1485,1572
2026-07-17,gold,monthly,OG,DEC28,2028-11-27,0,0,150,0
2026-07-17,gold,monthly,OG,FEB27,2027-01-26,309,36,13551,4863
2026-07-17,gold,monthly,OG,JAN27,2026-12-28,676,4,4879,2475
2026-07-17,gold,monthly,OG,JAN28,2027-12-28,0,0,0,2
2026-07-17,gold,monthly,OG,JUN27,2027-05-25,136,0,1869,853
2026-07-17,gold,monthly,OG,MAR27,2027-02-23,344,268,7477,3994
2026-07-17,gold,monthly,OG,MAY27,2027-04-27,21,0,206,28
2026-07-17,gold,monthly,OG,NOV26,2026-10-27,580,486,19095,10451
2026-07-17,gold,monthly,OG,OCT26,2026-09-24,2864,1683,73425,24988
2026-07-17,gold,monthly,OG,SEP26,2026-08-26,2262,2749,77946,38198
2026-07-17,gold,weekly,OG1,AUG26,2026-08-07,40,33,281,322
2026-07-17,gold,weekly,OG3,JUL26,2026-07-17,4257,5412,0,0
2026-07-17,gold,weekly,OG4,JUL26,2026-07-24,791,749,1898,1335
2026-07-17,silver,monthly,SO,APR27,2027-03-24,0,0,31,186
2026-07-17,silver,monthly,SO,AUG26,2026-07-28,988,877,28094,12231
2026-07-17,silver,monthly,SO,DEC26,2026-11-24,68,787,11749,5138
2026-07-17,silver,monthly,SO,DEC27,2027-11-24,0,0,106,25
2026-07-17,silver,monthly,SO,FEB27,2027-01-26,2,0,158,66
2026-07-17,silver,monthly,SO,JAN27,2026-12-28,3,8,1248,126
2026-07-17,silver,monthly,SO,JUL27,2027-06-25,0,0,3,150
2026-07-17,silver,monthly,SO,JUN27,2027-05-25,2,0,235,14
2026-07-17,silver,monthly,SO,MAR27,2027-02-23,9,0,1614,510
2026-07-17,silver,monthly,SO,MAY27,2027-04-27,0,0,6,13
2026-07-17,silver,monthly,SO,NOV26,2026-10-27,15,26,634,682
2026-07-17,silver,monthly,SO,OCT26,2026-09-24,26,5,2973,1443
2026-07-17,silver,monthly,SO,SEP26,2026-08-26,781,737,15398,8482
2026-07-17,silver,weekly,SO1,AUG26,2026-08-07,2,0,6,6
2026-07-17,silver,weekly,SO3,JUL26,2026-07-17,194,265,0,0
2026-07-17,silver,weekly,SO4,JUL26,2026-07-24,23,11,90,113
2026-07-21,gold,monthly,OG,APR27,2027-03-24,40,20,3422,1638
2026-07-21,gold,monthly,OG,AUG26,2026-07-28,5969,3444,137934,74296
2026-07-21,gold,monthly,OG,DEC26,2026-11-24,11541,2265,216634,56917
2026-07-21,gold,monthly,OG,DEC27,2027-11-24,0,0,1485,1572
2026-07-21,gold,monthly,OG,DEC28,2028-11-27,0,0,150,0
2026-07-21,gold,monthly,OG,FEB27,2027-01-26,577,228,14160,5080
2026-07-21,gold,monthly,OG,JAN27,2026-12-28,232,8,5089,2481
2026-07-21,gold,monthly,OG,JAN28,2027-12-28,0,0,0,2
2026-07-21,gold,monthly,OG,JUN27,2027-05-25,244,0,2113,1008
2026-07-21,gold,monthly,OG,MAR27,2027-02-23,218,0,7667,3987
2026-07-21,gold,monthly,OG,MAY27,2027-04-27,1,10,208,38
2026-07-21,gold,monthly,OG,NOV26,2026-10-27,1025,709,20346,11366
2026-07-21,gold,monthly,OG,OCT26,2026-09-24,3439,1538,75113,25586
2026-07-21,gold,monthly,OG,SEP26,2026-08-26,6750,2257,81660,39310
2026-07-21,gold,weekly,OG1,AUG26,2026-08-07,17,23,309,365
2026-07-21,gold,weekly,OG2,AUG26,2026-08-14,22,4,56,55
2026-07-21,gold,weekly,OG4,JUL26,2026-07-24,1995,616,2806,1818
2026-07-21,silver,monthly,SO,APR27,2027-03-24,0,0,31,189
2026-07-21,silver,monthly,SO,AUG26,2026-07-28,4497,1245,29597,12172
2026-07-21,silver,monthly,SO,DEC26,2026-11-24,268,269,12013,5355
2026-07-21,silver,monthly,SO,DEC27,2027-11-24,0,0,106,25
2026-07-21,silver,monthly,SO,FEB27,2027-01-26,0,0,158,67
2026-07-21,silver,monthly,SO,JAN27,2026-12-28,1002,501,2252,627
2026-07-21,silver,monthly,SO,JUL27,2027-06-25,0,0,3,150
2026-07-21,silver,monthly,SO,JUN27,2027-05-25,1,0,235,14
2026-07-21,silver,monthly,SO,MAR27,2027-02-23,8,81,1617,561
2026-07-21,silver,monthly,SO,MAY27,2027-04-27,0,0,6,13
2026-07-21,silver,monthly,SO,NOV26,2026-10-27,107,3,728,685
2026-07-21,silver,monthly,SO,OCT26,2026-09-24,269,224,3133,1720
2026-07-21,silver,monthly,SO,SEP26,2026-08-26,3510,483,17342,8918
2026-07-21,silver,weekly,SO1,AUG26,2026-08-07,8,2,11,8
2026-07-21,silver,weekly,SO2,AUG26,2026-08-14,26,23,26,23
2026-07-21,silver,weekly,SO4,JUL26,2026-07-24,121,145,178,333
2026-07-22,gold,monthly,OG,APR27,2027-03-24,114,202,3532,1839
2026-07-22,gold,monthly,OG,AUG26,2026-07-28,10137,5307,138914,74278
2026-07-22,gold,monthly,OG,DEC26,2026-11-24,17908,999,222307,57627
2026-07-22,gold,monthly,OG,DEC27,2027-11-24,0,0,1485,1572
2026-07-22,gold,monthly,OG,DEC28,2028-11-27,0,0,150,0
2026-07-22,gold,monthly,OG,FEB27,2027-01-26,276,38,14344,5113
2026-07-22,gold,monthly,OG,JAN27,2026-12-28,1368,288,6355,2693
2026-07-22,gold,monthly,OG,JAN28,2027-12-28,0,0,0,2
2026-07-22,gold,monthly,OG,JUN27,2027-05-25,2,0,2115,1008
2026-07-22,gold,monthly,OG,MAR27,2027-02-23,3,30,7667,4004
2026-07-22,gold,monthly,OG,MAY27,2027-04-27,0,1,208,38
2026-07-22,gold,monthly,OG,NOV26,2026-10-27,756,314,20823,11456
2026-07-22,gold,monthly,OG,OCT26,2026-09-24,3294,1731,77060,26160
2026-07-22,gold,monthly,OG,SEP26,2026-08-26,9391,4631,83208,40140
2026-07-22,gold,weekly,OG1,AUG26,2026-08-07,341,424,620,728
2026-07-22,gold,weekly,OG2,AUG26,2026-08-14,200,107,250,162
2026-07-22,gold,weekly,OG4,JUL26,2026-07-24,2108,1649,3207,2318
2026-07-22,silver,monthly,SO,APR27,2027-03-24,1,0,31,189
2026-07-22,silver,monthly,SO,AUG26,2026-07-28,2833,967,30245,12069
2026-07-22,silver,monthly,SO,DEC26,2026-11-24,386,274,12096,5386
2026-07-22,silver,monthly,SO,DEC27,2027-11-24,0,0,106,25
2026-07-22,silver,monthly,SO,FEB27,2027-01-26,2,0,160,67
2026-07-22,silver,monthly,SO,JAN27,2026-12-28,6,8,2258,634
2026-07-22,silver,monthly,SO,JUL27,2027-06-25,0,0,3,150
2026-07-22,silver,monthly,SO,JUN27,2027-05-25,1,0,236,14
2026-07-22,silver,monthly,SO,MAR27,2027-02-23,144,53,1695,558
2026-07-22,silver,monthly,SO,MAY27,2027-04-27,0,0,6,13
2026-07-22,silver,monthly,SO,NOV26,2026-10-27,10,10,738,695
2026-07-22,silver,monthly,SO,OCT26,2026-09-24,8324,171,11191,1803
2026-07-22,silver,monthly,SO,SEP26,2026-08-26,2438,642,18385,9187
2026-07-22,silver,weekly,SO1,AUG26,2026-08-07,2,5,13,11
2026-07-22,silver,weekly,SO2,AUG26,2026-08-14,59,1,83,24
2026-07-22,silver,weekly,SO4,JUL26,2026-07-24,88,114,210,362
2026-07-23,gold,monthly,OG,APR27,2027-03-24,21,6,3552,1837
2026-07-23,gold,monthly,OG,AUG26,2026-07-28,7336,7260,139517,72289
2026-07-23,gold,monthly,OG,DEC26,2026-11-24,12236,2870,229710,58595
2026-07-23,gold,monthly,OG,DEC27,2027-11-24,0,0,1485,1572
2026-07-23,gold,monthly,OG,DEC28,2028-11-27,0,0,150,0
2026-07-23,gold,monthly,OG,FEB27,2027-01-26,862,32,14993,5134
2026-07-23,gold,monthly,OG,JAN27,2026-12-28,248,250,6601,2920
2026-07-23,gold,monthly,OG,JAN28,2027-12-28,0,0,0,2
2026-07-23,gold,monthly,OG,JUN27,2027-05-25,0,20,2115,1028
2026-07-23,gold,monthly,OG,MAR27,2027-02-23,244,200,7909,4004
2026-07-23,gold,monthly,OG,MAY27,2027-04-27,30,0,238,38
2026-07-23,gold,monthly,OG,NOV26,2026-10-27,2048,419,22461,11795
2026-07-23,gold,monthly,OG,OCT26,2026-09-24,6708,4313,77453,28050
2026-07-23,gold,monthly,OG,SEP26,2026-08-26,5343,6197,83945,41962
2026-07-23,gold,weekly,OG1,AUG26,2026-08-07,232,190,694,896
2026-07-23,gold,weekly,OG2,AUG26,2026-08-14,85,54,318,198
2026-07-23,gold,weekly,OG4,JUL26,2026-07-24,2796,3355,4285,3647
2026-07-23,silver,monthly,SO,APR27,2027-03-24,0,0,31,189
2026-07-23,silver,monthly,SO,AUG26,2026-07-28,1940,1335,30049,12071
2026-07-23,silver,monthly,SO,DEC26,2026-11-24,123,152,12064,5333
2026-07-23,silver,monthly,SO,DEC27,2027-11-24,0,0,106,25
2026-07-23,silver,monthly,SO,FEB27,2027-01-26,0,0,160,67
2026-07-23,silver,monthly,SO,JAN27,2026-12-28,0,0,2258,634
2026-07-23,silver,monthly,SO,JUL27,2027-06-25,0,0,3,150
2026-07-23,silver,monthly,SO,JUN27,2027-05-25,0,0,236,14
2026-07-23,silver,monthly,SO,MAR27,2027-02-23,52,5,1721,560
2026-07-23,silver,monthly,SO,MAY27,2027-04-27,6,0,12,13
2026-07-23,silver,monthly,SO,NOV26,2026-10-27,10,40,748,735
2026-07-23,silver,monthly,SO,OCT26,2026-09-24,437,49,11537,1813
2026-07-23,silver,monthly,SO,SEP26,2026-08-26,772,836,18643,9230
2026-07-23,silver,weekly,SO1,AUG26,2026-08-07,5,7,15,12
2026-07-23,silver,weekly,SO2,AUG26,2026-08-14,1,0,84,24
2026-07-23,silver,weekly,SO4,JUL26,2026-07-24,77,168,261,401
2026-07-24,gold,monthly,OG,APR27,2027-03-24,30,25,3582,1837
2026-07-24,gold,monthly,OG,AUG26,2026-07-28,3471,2898,140152,70983
2026-07-24,gold,monthly,OG,DEC26,2026-11-24,18263,1555,241133,59290
2026-07-24,gold,monthly,OG,DEC27,2027-11-24,0,0,1485,1572
2026-07-24,gold,monthly,OG,DEC28,2028-11-27,0,0,150,0
2026-07-24,gold,monthly,OG,FEB27,2027-01-26,3050,661,17798,5668
2026-07-24,gold,monthly,OG,JAN27,2026-12-28,298,2,6712,2921
2026-07-24,gold,monthly,OG,JAN28,2027-12-28,0,0,0,2
2026-07-24,gold,monthly,OG,JUN27,2027-05-25,350,0,2364,1028
2026-07-24,gold,monthly,OG,MAR27,2027-02-23,0,20,7909,4024
2026-07-24,gold,monthly,OG,MAY27,2027-04-27,12,70,250,108
2026-07-24,gold,monthly,OG,NOV26,2026-10-27,2786,818,24065,12404
2026-07-24,gold,monthly,OG,OCT26,2026-09-24,2095,1183,78786,28579
2026-07-24,gold,monthly,OG,SEP26,2026-08-26,2330,1773,84043,42046
2026-07-24,gold,weekly,OG1,AUG26,2026-08-07,172,175,818,1037
2026-07-24,gold,weekly,OG2,AUG26,2026-08-14,94,73,400,242
2026-07-24,gold,weekly,OG4,JUL26,2026-07-24,2437,3242,0,0
2026-07-24,silver,monthly,SO,APR27,2027-03-24,0,0,31,189
2026-07-24,silver,monthly,SO,AUG26,2026-07-28,2774,1183,31100,12032
2026-07-24,silver,monthly,SO,DEC26,2026-11-24,23,0,12081,5333
2026-07-24,silver,monthly,SO,DEC27,2027-11-24,0,0,106,25
2026-07-24,silver,monthly,SO,FEB27,2027-01-26,0,0,160,67
2026-07-24,silver,monthly,SO,JAN27,2026-12-28,25,0,2283,634
2026-07-24,silver,monthly,SO,JUL27,2027-06-25,0,0,3,150
2026-07-24,silver,monthly,SO,JUN27,2027-05-25,0,0,236,14
2026-07-24,silver,monthly,SO,MAR27,2027-02-23,1,26,1722,585
2026-07-24,silver,monthly,SO,MAY27,2027-04-27,10,0,22,13
2026-07-24,silver,monthly,SO,NOV26,2026-10-27,41,12,789,747
2026-07-24,silver,monthly,SO,OCT26,2026-09-24,67,27,11568,1831
2026-07-24,silver,monthly,SO,SEP26,2026-08-26,242,268,18705,9340
2026-07-24,silver,weekly,SO1,AUG26,2026-08-07,5,100,20,112
2026-07-24,silver,weekly,SO2,AUG26,2026-08-14,0,0,84,24
2026-07-24,silver,weekly,SO4,JUL26,2026-07-24,120,117,0,0
2026-07-28,gold,monthly,OG,APR27,2027-03-24,179,120,3952,2217
2026-07-28,gold,monthly,OG,AUG26,2026-07-28,2750,4436,0,0
2026-07-28,gold,monthly,OG,AUG27,2027-07-27,0,0,150,0
2026-07-28,gold,monthly,OG,DEC26,2026-11-24,5651,764,245829,59571
2026-07-28,gold,monthly,OG,DEC27,2027-11-24,0,0,1485,1572
2026-07-28,gold,monthly,OG,DEC28,2028-11-27,0,0,150,0
2026-07-28,gold,monthly,OG,FEB27,2027-01-26,1275,65,17911,5797
2026-07-28,gold,monthly,OG,JAN27,2026-12-28,63,68,6807,3046
2026-07-28,gold,monthly,OG,JAN28,2027-12-28,0,0,0,2
2026-07-28,gold,monthly,OG,JUN27,2027-05-25,1,0,2363,1028
2026-07-28,gold,monthly,OG,MAR27,2027-02-23,400,34,8318,4077
2026-07-28,gold,monthly,OG,MAY27,2027-04-27,196,55,612,155
2026-07-28,gold,monthly,OG,NOV26,2026-10-27,1738,233,25806,12833
2026-07-28,gold,monthly,OG,OCT26,2026-09-24,3055,1903,80414,29839
2026-07-28,gold,monthly,OG,SEP26,2026-08-26,6706,4585,87512,44200
2026-07-28,gold,weekly,OG1,AUG26,2026-08-07,312,322,1168,1567
2026-07-28,gold,weekly,OG2,AUG26,2026-08-14,197,240,616,487
2026-07-28,gold,weekly,OG3,AUG26,2026-08-21,9,33,9,39
2026-07-28,silver,monthly,SO,APR27,2027-03-24,20,50,46,239
2026-07-28,silver,monthly,SO,AUG26,2026-07-28,2217,1886,0,0
2026-07-28,silver,monthly,SO,DEC26,2026-11-24,1328,585,13546,5959
2026-07-28,silver,monthly,SO,DEC27,2027-11-24,0,0,106,25
2026-07-28,silver,monthly,SO,FEB27,2027-01-26,8,1,168,67
2026-07-28,silver,monthly,SO,JAN27,2026-12-28,55,3,2319,636
2026-07-28,silver,monthly,SO,JUL27,2027-06-25,0,0,3,150
2026-07-28,silver,monthly,SO,JUN27,2027-05-25,10,5,246,19
2026-07-28,silver,monthly,SO,MAR27,2027-02-23,255,25,2196,610
2026-07-28,silver,monthly,SO,MAY27,2027-04-27,0,0,22,13
2026-07-28,silver,monthly,SO,NOV26,2026-10-27,26,9,819,758
2026-07-28,silver,monthly,SO,OCT26,2026-09-24,246,170,11740,2016
2026-07-28,silver,monthly,SO,SEP26,2026-08-26,1109,1284,19654,9586
2026-07-28,silver,weekly,SO1,AUG26,2026-08-07,26,21,55,142
2026-07-28,silver,weekly,SO2,AUG26,2026-08-14,1,3,85,32
2026-07-28,silver,weekly,SO3,AUG26,2026-08-21,2,0,6,0
2026-07-29,gold,monthly,OG,APR27,2027-03-24,54,120,4005,2276
2026-07-29,gold,monthly,OG,AUG27,2027-07-27,0,0,150,0
2026-07-29,gold,monthly,OG,DEC26,2026-11-24,4541,1099,247886,59234
2026-07-29,gold,monthly,OG,DEC27,2027-11-24,0,4,1485,1576
2026-07-29,gold,monthly,OG,DEC28,2028-11-27,0,0,150,0
2026-07-29,gold,monthly,OG,FEB27,2027-01-26,177,50,18069,5843
2026-07-29,gold,monthly,OG,JAN27,2026-12-28,12,15,6813,3060
2026-07-29,gold,monthly,OG,JAN28,2027-12-28,0,0,0,2
2026-07-29,gold,monthly,OG,JUN27,2027-05-25,15,0,2378,1028
2026-07-29,gold,monthly,OG,MAR27,2027-02-23,67,13,8380,4084
2026-07-29,gold,monthly,OG,MAY27,2027-04-27,0,5,612,158
2026-07-29,gold,monthly,OG,NOV26,2026-10-27,1000,422,26253,13038
2026-07-29,gold,monthly,OG,OCT26,2026-09-24,4570,1896,81907,30551
2026-07-29,gold,monthly,OG,SEP26,2026-08-26,11718,8441,91730,46129
2026-07-29,gold,weekly,OG1,AUG26,2026-08-07,650,328,1527,1718
2026-07-29,gold,weekly,OG2,AUG26,2026-08-14,163,1244,712,1620
2026-07-29,gold,weekly,OG3,AUG26,2026-08-21,45,96,53,128
2026-07-29,silver,monthly,SO,APR27,2027-03-24,0,0,46,239
2026-07-29,silver,monthly,SO,DEC26,2026-11-24,616,367,14067,6223
2026-07-29,silver,monthly,SO,DEC27,2027-11-24,0,0,106,25
2026-07-29,silver,monthly,SO,FEB27,2027-01-26,8,29,176,95
2026-07-29,silver,monthly,SO,JAN27,2026-12-28,3,2,2319,637
2026-07-29,silver,monthly,SO,JUL27,2027-06-25,0,0,3,150
2026-07-29,silver,monthly,SO,JUN27,2027-05-25,0,0,246,19
2026-07-29,silver,monthly,SO,MAR27,2027-02-23,25,25,2219,635
2026-07-29,silver,monthly,SO,MAY27,2027-04-27,0,0,22,13
2026-07-29,silver,monthly,SO,NOV26,2026-10-27,60,16,873,770
2026-07-29,silver,monthly,SO,OCT26,2026-09-24,3430,297,15031,2241
2026-07-29,silver,monthly,SO,SEP26,2026-08-26,1279,1892,20270,9867
2026-07-29,silver,weekly,SO1,AUG26,2026-08-07,46,203,95,141
2026-07-29,silver,weekly,SO2,AUG26,2026-08-14,21,3,94,35
2026-07-29,silver,weekly,SO3,AUG26,2026-08-21,0,0,6,0
2026-07-30,gold,monthly,OG,APR27,2027-03-24,382,3,4365,2279
2026-07-30,gold,monthly,OG,AUG27,2027-07-27,0,0,150,0
2026-07-30,gold,monthly,OG,DEC26,2026-11-24,8354,1630,251935,59503
2026-07-30,gold,monthly,OG,DEC27,2027-11-24,0,0,1485,1576
2026-07-30,gold,monthly,OG,DEC28,2028-11-27,0,0,150,0
2026-07-30,gold,monthly,OG,FEB27,2027-01-26,626,90,18690,5930
2026-07-30,gold,monthly,OG,JAN27,2026-12-28,104,147,6909,3205
2026-07-30,gold,monthly,OG,JAN28,2027-12-28,0,0,0,2
2026-07-30,gold,monthly,OG,JUN27,2027-05-25,6,1,2382,1029
2026-07-30,gold,monthly,OG,MAR27,2027-02-23,530,202,8869,4286
2026-07-30,gold,monthly,OG,MAY27,2027-04-27,63,0,675,158
2026-07-30,gold,monthly,OG,NOV26,2026-10-27,2253,1539,27824,14222
2026-07-30,gold,monthly,OG,OCT26,2026-09-24,6303,2039,82503,31689
2026-07-30,gold,monthly,OG,SEP26,2026-08-26,14135,4067,93824,46012
2026-07-30,gold,weekly,OG1,AUG26,2026-08-07,726,573,2008,1733
2026-07-30,gold,weekly,OG2,AUG26,2026-08-14,447,142,1087,1735
2026-07-30,gold,weekly,OG3,AUG26,2026-08-21,141,108,190,235
2026-07-30,silver,monthly,SO,APR27,2027-03-24,1,0,47,239
2026-07-30,silver,monthly,SO,DEC26,2026-11-24,83,79,14085,6244
2026-07-30,silver,monthly,SO,DEC27,2027-11-24,0,0,106,25
2026-07-30,silver,monthly,SO,FEB27,2027-01-26,12,0,175,95
2026-07-30,silver,monthly,SO,JAN27,2026-12-28,1,8,2319,634
2026-07-30,silver,monthly,SO,JUL27,2027-06-25,0,0,3,150
2026-07-30,silver,monthly,SO,JUN27,2027-05-25,0,0,246,19
2026-07-30,silver,monthly,SO,MAR27,2027-02-23,0,50,2219,659
2026-07-30,silver,monthly,SO,MAY27,2027-04-27,0,0,22,13
2026-07-30,silver,monthly,SO,NOV26,2026-10-27,224,169,1067,938
2026-07-30,silver,monthly,SO,OCT26,2026-09-24,761,779,15620,2943
2026-07-30,silver,monthly,SO,SEP26,2026-08-26,1159,1043,20546,9878
2026-07-30,silver,weekly,SO1,AUG26,2026-08-07,29,5,120,143
2026-07-30,silver,weekly,SO2,AUG26,2026-08-14,13,1,105,36
2026-07-30,silver,weekly,SO3,AUG26,2026-08-21,0,0,6,0
2026-07-31,gold,monthly,OG,APR27,2027-03-24,34,3,4398,2282
2026-07-31,gold,monthly,OG,AUG27,2027-07-27,0,0,150,0
2026-07-31,gold,monthly,OG,DEC26,2026-11-24,3894,653,253373,59839
2026-07-31,gold,monthly,OG,DEC27,2027-11-24,0,4,1485,1580
2026-07-31,gold,monthly,OG,DEC28,2028-11-27,0,0,150,0
2026-07-31,gold,monthly,OG,FEB27,2027-01-26,64,431,18736,6361
2026-07-31,gold,monthly,OG,JAN27,2026-12-28,21,5,6926,3206
2026-07-31,gold,monthly,OG,JAN28,2027-12-28,0,0,0,2
2026-07-31,gold,monthly,OG,JUN27,2027-05-25,2,1104,2384,2133
2026-07-31,gold,monthly,OG,MAR27,2027-02-23,243,3,9089,4288
2026-07-31,gold,monthly,OG,MAY27,2027-04-27,2,300,677,458
2026-07-31,gold,monthly,OG,NOV26,2026-10-27,1587,1062,28950,14390
2026-07-31,gold,monthly,OG,OCT26,2026-09-24,4428,2130,84239,32440
2026-07-31,gold,monthly,OG,SEP26,2026-08-26,7849,3601,94802,45977
2026-07-31,gold,weekly,OG1,AUG26,2026-08-07,1440,1363,2802,2368
2026-07-31,gold,weekly,OG2,AUG26,2026-08-14,285,280,1303,1923
2026-07-31,gold,weekly,OG3,AUG26,2026-08-21,107,80,295,288
2026-07-31,silver,monthly,SO,APR27,2027-03-24,0,0,47,239
2026-07-31,silver,monthly,SO,DEC26,2026-11-24,131,53,14111,6297
2026-07-31,silver,monthly,SO,DEC27,2027-11-24,0,0,106,25
2026-07-31,silver,monthly,SO,FEB27,2027-01-26,0,0,175,95
2026-07-31,silver,monthly,SO,JAN27,2026-12-28,2,8,2321,639
2026-07-31,silver,monthly,SO,JUL27,2027-06-25,0,0,3,150
2026-07-31,silver,monthly,SO,JUN27,2027-05-25,4,0,250,19
2026-07-31,silver,monthly,SO,MAR27,2027-02-23,6,60,2225,719
2026-07-31,silver,monthly,SO,MAY27,2027-04-27,0,0,22,13
2026-07-31,silver,monthly,SO,NOV26,2026-10-27,20,5,1085,940
2026-07-31,silver,monthly,SO,OCT26,2026-09-24,132,149,15689,2995
2026-07-31,silver,monthly,SO,SEP26,2026-08-26,801,402,20828,9922
2026-07-31,silver,weekly,SO1,AUG26,2026-08-07,57,83,170,195
2026-07-31,silver,weekly,SO2,AUG26,2026-08-14,5,4,110,39
2026-07-31,silver,weekly,SO3,AUG26,2026-08-21,7,0,13,0
2026-08-03,gold,monthly,OG,APR27,2027-03-24,8,0,4397,2282
2026-08-03,gold,monthly,OG,AUG27,2027-07-27,0,0,150,0
2026-08-03,gold,monthly,OG,DEC26,2026-11-24,4658,851,255379,60118
2026-08-03,gold,monthly,OG,DEC27,2027-11-24,0,0,1485,1580
2026-08-03,gold,monthly,OG,DEC28,2028-11-27,0,0,150,0
2026-08-03,gold,monthly,OG,FEB27,2027-01-26,502,72,19238,6433
2026-08-03,gold,monthly,OG,FEB28,2028-01-26,4,0,4,0
2026-08-03,gold,monthly,OG,JAN27,2026-12-28,24,74,6938,3276
2026-08-03,gold,monthly,OG,JAN28,2027-12-28,0,0,0,2
2026-08-03,gold,monthly,OG,JUN27,2027-05-25,0,11,2384,2141
2026-08-03,gold,monthly,OG,MAR27,2027-02-23,0,36,9089,4322
2026-08-03,gold,monthly,OG,MAY27,2027-04-27,15,20,691,478
2026-08-03,gold,monthly,OG,NOV26,2026-10-27,1988,702,30249,14855
2026-08-03,gold,monthly,OG,OCT26,2026-09-24,2879,1402,84903,32560
2026-08-03,gold,monthly,OG,SEP26,2026-08-26,3353,2361,94784,45688
2026-08-03,gold,weekly,OG1,AUG26,2026-08-07,1065,655,3330,2578
2026-08-03,gold,weekly,OG2,AUG26,2026-08-14,295,1240,1520,1610
2026-08-03,gold,weekly,OG3,AUG26,2026-08-21,205,89,468,355
2026-08-03,gold,weekly,OG4,AUG26,2026-08-28,317,127,316,122
2026-08-03,silver,monthly,SO,APR27,2027-03-24,0,0,47,239
2026-08-03,silver,monthly,SO,DEC26,2026-11-24,1150,135,15028,6208
2026-08-03,silver,monthly,SO,DEC27,2027-11-24,0,0,106,25
2026-08-03,silver,monthly,SO,FEB27,2027-01-26,4,0,179,95
2026-08-03,silver,monthly,SO,JAN27,2026-12-28,450,5,2769,639
2026-08-03,silver,monthly,SO,JUL27,2027-06-25,0,0,3,150
2026-08-03,silver,monthly,SO,JUN27,2027-05-25,0,0,250,19
2026-08-03,silver,monthly,SO,MAR27,2027-02-23,0,0,2225,719
2026-08-03,silver,monthly,SO,MAY27,2027-04-27,0,0,22,13
2026-08-03,silver,monthly,SO,NOV26,2026-10-27,19,12,1098,951
2026-08-03,silver,monthly,SO,OCT26,2026-09-24,824,590,16084,3482
2026-08-03,silver,monthly,SO,SEP26,2026-08-26,1126,902,20937,9786
2026-08-03,silver,weekly,SO1,AUG26,2026-08-07,187,65,267,248
2026-08-03,silver,weekly,SO2,AUG26,2026-08-14,43,10,149,48
2026-08-03,silver,weekly,SO3,AUG26,2026-08-21,1,0,14,0
2026-08-04,gold,monthly,OG,APR27,2027-03-24,420,444,4759,2726
2026-08-04,gold,monthly,OG,AUG27,2027-07-27,0,0,150,0
2026-08-04,gold,monthly,OG,DEC26,2026-11-24,14675,2291,262760,61218
2026-08-04,gold,monthly,OG,DEC27,2027-11-24,0,0,1485,1580
2026-08-04,gold,monthly,OG,DEC28,2028-11-27,0,0,150,0
2026-08-04,gold,monthly,OG,FEB27,2027-01-26,764,109,19344,6457
2026-08-04,gold,monthly,OG,FEB28,2028-01-26,0,0,4,0
2026-08-04,gold,monthly,OG,JAN27,2026-12-28,962,90,7694,3346
2026-08-04,gold,monthly,OG,JAN28,2027-12-28,0,0,0,2
2026-08-04,gold,monthly,OG,JUN27,2027-05-25,0,0,2384,2141
2026-08-04,gold,monthly,OG,MAR27,2027-02-23,102,192,9189,4509
2026-08-04,gold,monthly,OG,MAY27,2027-04-27,5,10,696,488
2026-08-04,gold,monthly,OG,NOV26,2026-10-27,2643,849,31053,15251
2026-08-04,gold,monthly,OG,OCT26,2026-09-24,3767,1858,85976,32606
2026-08-04,gold,monthly,OG,SEP26,2026-08-26,9632,3327,96548,45781
2026-08-04,gold,weekly,OG1,AUG26,2026-08-07,2491,911,5043,3019
2026-08-04,gold,weekly,OG2,AUG26,2026-08-14,795,391,2035,1807
2026-08-04,gold,weekly,OG3,AUG26,2026-08-21,88,17,531,365
2026-08-04,gold,weekly,OG4,AUG26,2026-08-28,773,12,198,131
2026-08-04,silver,monthly,SO,APR27,2027-03-24,0,0,47,239
2026-08-04,silver,monthly,SO,DEC26,2026-11-24,439,34,15185,6242
2026-08-04,silver,monthly,SO,DEC27,2027-11-24,0,0,106,25
2026-08-04,silver,monthly,SO,FEB27,2027-01-26,0,0,179,95
2026-08-04,silver,monthly,SO,JAN27,2026-12-28,489,2,3088,641
2026-08-04,silver,monthly,SO,JUL27,2027-06-25,0,0,3,150
2026-08-04,silver,monthly,SO,JUN27,2027-05-25,8,0,245,19
2026-08-04,silver,monthly,SO,MAR27,2027-02-23,280,0,2430,719
2026-08-04,silver,monthly,SO,MAY27,2027-04-27,0,0,22,13
2026-08-04,silver,monthly,SO,NOV26,2026-10-27,85,2,1139,951
2026-08-04,silver,monthly,SO,OCT26,2026-09-24,8475,730,23721,4046
2026-08-04,silver,monthly,SO,SEP26,2026-08-26,5366,835,23188,9971
2026-08-04,silver,weekly,SO1,AUG26,2026-08-07,157,72,370,302
2026-08-04,silver,weekly,SO2,AUG26,2026-08-14,78,16,222,62
2026-08-04,silver,weekly,SO3,AUG26,2026-08-21,3,0,16,0
2026-08-04,silver,weekly,SO4,AUG26,2026-08-28,2,0,2,0
2026-08-05,gold,monthly,OG,APR27,2027-03-24,113,120,4864,2841
2026-08-05,gold,monthly,OG,AUG27,2027-07-27,0,0,150,0
2026-08-05,gold,monthly,OG,DEC26,2026-11-24,18356,3918,265086,62392
2026-08-05,gold,monthly,OG,DEC27,2027-11-24,0,100,1485,1480
2026-08-05,gold,monthly,OG,DEC28,2028-11-27,0,0,150,0
2026-08-05,gold,monthly,OG,FEB27,2027-01-26,687,469,19604,6813
2026-08-05,gold,monthly,OG,FEB28,2028-01-26,0,0,4,0
2026-08-05,gold,monthly,OG,JAN27,2026-12-28,2012,355,9460,3581
2026-08-05,gold,monthly,OG,JAN28,2027-12-28,0,0,0,2
2026-08-05,gold,monthly,OG,JUN27,2027-05-25,704,691,3087,2507
2026-08-05,gold,monthly,OG,MAR27,2027-02-23,644,283,8952,4383
2026-08-05,gold,monthly,OG,MAY27,2027-04-27,51,17,743,505
2026-08-05,gold,monthly,OG,NOV26,2026-10-27,12546,2686,36414,16996
2026-08-05,gold,monthly,OG,OCT26,2026-09-24,18049,6715,90379,34515
2026-08-05,gold,monthly,OG,SEP26,2026-08-26,24300,7157,96984,46115
2026-08-05,gold,weekly,OG1,AUG26,2026-08-07,5097,1724,6102,3959
2026-08-05,gold,weekly,OG2,AUG26,2026-08-14,2268,1211,3585,2514
2026-08-05,gold,weekly,OG3,AUG26,2026-08-21,621,292,932,615
2026-08-05,gold,weekly,OG4,AUG26,2026-08-28,151,102,304,204
2026-08-05,silver,monthly,SO,APR27,2027-03-24,1,0,47,239
2026-08-05,silver,monthly,SO,DEC26,2026-11-24,1139,382,16050,6129
2026-08-05,silver,monthly,SO,DEC27,2027-11-24,0,0,106,25
2026-08-05,silver,monthly,SO,DEC28,2028-11-27,0,40,0,40
2026-08-05,silver,monthly,SO,FEB27,2027-01-26,16,0,187,95
2026-08-05,silver,monthly,SO,JAN27,2026-12-28,90,7,3172,646
2026-08-05,silver,monthly,SO,JUL27,2027-06-25,0,0,3,150
2026-08-05,silver,monthly,SO,JUN27,2027-05-25,5,3,248,19
2026-08-05,silver,monthly,SO,MAR27,2027-02-23,87,47,2462,761
2026-08-05,silver,monthly,SO,MAY27,2027-04-27,0,0,22,13
2026-08-05,silver,monthly,SO,NOV26,2026-10-27,30,44,1155,985
2026-08-05,silver,monthly,SO,OCT26,2026-09-24,895,763,24104,4552
2026-08-05,silver,monthly,SO,SEP26,2026-08-26,7096,1503,24079,9925
2026-08-05,silver,weekly,SO1,AUG26,2026-08-07,180,49,358,342
2026-08-05,silver,weekly,SO2,AUG26,2026-08-14,43,29,254,85
2026-08-05,silver,weekly,SO3,AUG26,2026-08-21,23,1,39,1
2026-08-05,silver,weekly,SO4,AUG26,2026-08-28,6,7,8,7
2026-08-14,gold,monthly,OG,APR27,2027-03-24,103,2,5201,2841
2026-08-14,gold,monthly,OG,AUG27,2027-07-27,0,0,453,300
2026-08-14,gold,monthly,OG,DEC26,2026-11-24,4548,909,270011,66835
2026-08-14,gold,monthly,OG,DEC27,2027-11-24,100,0,1385,1480
2026-08-14,gold,monthly,OG,DEC28,2028-11-27,0,0,150,0
2026-08-14,gold,monthly,OG,FEB27,2027-01-26,86,541,23135,9788
2026-08-14,gold,monthly,OG,FEB28,2028-01-26,0,0,4,0
2026-08-14,gold,monthly,OG,JAN27,2026-12-28,678,84,11828,5912
2026-08-14,gold,monthly,OG,JAN28,2027-12-28,0,0,0,2
2026-08-14,gold,monthly,OG,JUL27,2027-06-25,0,0,0,1
2026-08-14,gold,monthly,OG,JUN27,2027-05-25,108,154,6011,5026
2026-08-14,gold,monthly,OG,MAR27,2027-02-23,205,376,10822,6453
2026-08-14,gold,monthly,OG,MAY27,2027-04-27,0,25,1055,817
2026-08-14,gold,monthly,OG,NOV26,2026-10-27,1820,1779,41918,22326
2026-08-14,gold,monthly,OG,OCT26,2026-09-24,7286,1966,108128,41141
2026-08-14,gold,monthly,OG,SEP26,2026-08-26,7132,2636,100274,57100
2026-08-14,gold,monthly,OG,SEP27,2027-08-26,0,0,2,0
2026-08-14,gold,weekly,OG1,SEP26,2026-09-04,176,61,452,534
2026-08-14,gold,weekly,OG2,AUG26,2026-08-14,2685,2668,0,0
2026-08-14,gold,weekly,OG3,AUG26,2026-08-21,931,690,2580,2358
2026-08-14,gold,weekly,OG4,AUG26,2026-08-28,574,479,2616,1127
2026-08-14,silver,monthly,SO,APR27,2027-03-24,0,0,48,241
2026-08-14,silver,monthly,SO,DEC26,2026-11-24,247,46,18015,6220
2026-08-14,silver,monthly,SO,DEC27,2027-11-24,0,0,106,25
2026-08-14,silver,monthly,SO,DEC28,2028-11-27,0,0,0,40
2026-08-14,silver,monthly,SO,FEB27,2027-01-26,0,0,431,98
2026-08-14,silver,monthly,SO,JAN27,2026-12-28,12,1,3443,652
2026-08-14,silver,monthly,SO,JUL27,2027-06-24,0,0,3,150
2026-08-14,silver,monthly,SO,JUN27,2027-05-25,0,0,260,19
2026-08-14,silver,monthly,SO,MAR27,2027-02-23,48,0,2644,1196
2026-08-14,silver,monthly,SO,MAY27,2027-04-27,0,0,129,15
2026-08-14,silver,monthly,SO,NOV26,2026-10-27,90,70,2286,1543
2026-08-14,silver,monthly,SO,OCT26,2026-09-24,416,484,28104,5928
2026-08-14,silver,monthly,SO,SEP26,2026-08-26,1177,572,21736,10966
2026-08-14,silver,weekly,SO1,SEP26,2026-09-04,0,2,0,12
2026-08-14,silver,weekly,SO2,AUG26,2026-08-14,162,104,0,0
2026-08-14,silver,weekly,SO3,AUG26,2026-08-21,222,23,202,157
2026-08-14,silver,weekly,SO4,AUG26,2026-08-28,0,1,19,14
2026-08-19,gold,monthly,OG,APR27,2027-03-24,820,583,5805,3518
2026-08-19,gold,monthly,OG,AUG27,2027-07-27,0,0,453,300
2026-08-19,gold,monthly,OG,DEC26,2026-11-24,12488,3670,276033,70216
2026-08-19,gold,monthly,OG,DEC27,2027-11-24,0,0,1385,1480
2026-08-19,gold,monthly,OG,DEC28,2028-11-27,0,0,150,0
2026-08-19,gold,monthly,OG,FEB27,2027-01-26,5411,543,27952,10255
2026-08-19,gold,monthly,OG,FEB28,2028-01-26,0,0,4,0
2026-08-19,gold,monthly,OG,JAN27,2026-12-28,939,138,12467,6422
2026-08-19,gold,monthly,OG,JAN28,2027-12-28,0,0,0,2
2026-08-19,gold,monthly,OG,JUL27,2027-06-24,1,0,1,1
2026-08-19,gold,monthly,OG,JUN27,2027-05-25,278,66,6315,5140
2026-08-19,gold,monthly,OG,MAR27,2027-02-23,81,2,11173,6563
2026-08-19,gold,monthly,OG,MAY27,2027-04-27,14,15,1106,825
2026-08-19,gold,monthly,OG,NOV26,2026-10-27,8378,3209,45676,24989
2026-08-19,gold,monthly,OG,OCT26,2026-09-24,31221,7982,118392,43470
2026-08-19,gold,monthly,OG,SEP26,2026-08-26,18849,7412,100859,59338
2026-08-19,gold,monthly,OG,SEP27,2027-08-26,0,0,302,300
2026-08-19,gold,weekly,OG1,SEP26,2026-09-04,250,194,1082,731
2026-08-19,gold,weekly,OG2,SEP26,2026-09-11,446,145,547,286
2026-08-19,gold,weekly,OG3,AUG26,2026-08-21,5165,2134,5655,4248
2026-08-19,gold,weekly,OG4,AUG26,2026-08-28,743,1042,2958,1668
2026-08-19,silver,monthly,SO,APR27,2027-03-24,0,1,52,242
2026-08-19,silver,monthly,SO,DEC26,2026-11-24,1379,253,18141,6429
2026-08-19,silver,monthly,SO,DEC27,2027-11-24,0,0,106,25
2026-08-19,silver,monthly,SO,DEC28,2028-11-27,0,0,0,40
2026-08-19,silver,monthly,SO,FEB27,2027-01-26,2,0,474,98
2026-08-19,silver,monthly,SO,JAN27,2026-12-28,14,1,2972,472
2026-08-19,silver,monthly,SO,JUL27,2027-06-24,0,0,3,150
2026-08-19,silver,monthly,SO,JUN27,2027-05-25,11,0,250,20
2026-08-19,silver,monthly,SO,MAR27,2027-02-23,275,2,2703,1200
2026-08-19,silver,monthly,SO,MAY27,2027-04-27,45,1,175,16
2026-08-19,silver,monthly,SO,NOV26,2026-10-27,418,129,2885,1778
2026-08-19,silver,monthly,SO,OCT26,2026-09-24,3509,591,33904,6421
2026-08-19,silver,monthly,SO,SEP26,2026-08-26,3045,963,22727,10886
2026-08-19,silver,weekly,SO1,SEP26,2026-09-04,82,6,85,21
2026-08-19,silver,weekly,SO2,SEP26,2026-09-11,0,11,0,11
2026-08-19,silver,weekly,SO3,AUG26,2026-08-21,157,64,1238,237
2026-08-19,silver,weekly,SO4,AUG26,2026-08-28,50,30,91,45
2026-08-20,gold,monthly,OG,APR27,2027-03-24,492,415,5895,3699
2026-08-20,gold,monthly,OG,AUG27,2027-07-27,0,0,453,300
2026-08-20,gold,monthly,OG,DEC26,2026-11-24,13021,2417,278134,71323
2026-08-20,gold,monthly,OG,DEC27,2027-11-24,0,0,1385,1480
2026-08-20,gold,monthly,OG,DEC28,2028-11-27,0,0,150,0
2026-08-20,gold,monthly,OG,FEB27,2027-01-26,359,955,28079,11072
2026-08-20,gold,monthly,OG,FEB28,2028-01-26,0,0,4,0
2026-08-20,gold,monthly,OG,JAN27,2026-12-28,761,185,12634,6554
2026-08-20,gold,monthly,OG,JAN28,2027-12-28,0,0,0,2
2026-08-20,gold,monthly,OG,JUL27,2027-06-24,1,0,2,1
2026-08-20,gold,monthly,OG,JUN27,2027-05-25,1102,428,7259,5565
2026-08-20,gold,monthly,OG,MAR27,2027-02-23,1173,4,11861,6567
2026-08-20,gold,monthly,OG,MAY27,2027-04-27,32,0,1137,825
2026-08-20,gold,monthly,OG,NOV26,2026-10-27,6026,2326,48647,26085
2026-08-20,gold,monthly,OG,OCT26,2026-09-24,21130,4689,119186,45501
2026-08-20,gold,monthly,OG,SEP26,2026-08-26,8325,4533,98258,60333
2026-08-20,gold,monthly,OG,SEP27,2027-08-26,0,0,302,300
2026-08-20,gold,weekly,OG1,SEP26,2026-09-04,429,61,1386,787
2026-08-20,gold,weekly,OG2,SEP26,2026-09-11,84,72,609,355
2026-08-20,gold,weekly,OG3,AUG26,2026-08-21,4273,3177,5995,5535
2026-08-20,gold,weekly,OG4,AUG26,2026-08-28,654,832,3240,1913
2026-08-20,silver,monthly,SO,APR27,2027-03-24,1,0,53,242
2026-08-20,silver,monthly,SO,DEC26,2026-11-24,1161,390,18367,6452
2026-08-20,silver,monthly,SO,DEC27,2027-11-24,0,0,106,25
2026-08-20,silver,monthly,SO,DEC28,2028-11-27,0,0,0,40
2026-08-20,silver,monthly,SO,FEB27,2027-01-26,303,0,775,98
2026-08-20,silver,monthly,SO,JAN27,2026-12-28,176,145,3025,602
2026-08-20,silver,monthly,SO,JUL27,2027-06-24,0,0,3,150
2026-08-20,silver,monthly,SO,JUN27,2027-05-25,9,16,251,36
2026-08-20,silver,monthly,SO,MAR27,2027-02-23,138,0,2725,1200
2026-08-20,silver,monthly,SO,MAY27,2027-04-27,36,0,210,16
2026-08-20,silver,monthly,SO,NOV26,2026-10-27,191,287,2991,1925
2026-08-20,silver,monthly,SO,OCT26,2026-09-24,2009,713,34756,6633
2026-08-20,silver,monthly,SO,SEP26,2026-08-26,2604,934,22349,11136
2026-08-20,silver,weekly,SO1,SEP26,2026-09-04,84,1,30,22
2026-08-20,silver,weekly,SO2,SEP26,2026-09-11,2,0,2,11
2026-08-20,silver,weekly,SO3,AUG26,2026-08-21,552,340,1086,462
2026-08-20,silver,weekly,SO4,AUG26,2026-08-28,104,61,169,95
2026-08-21,gold,monthly,OG,APR27,2027-03-24,302,387,6038,3921
2026-08-21,gold,monthly,OG,AUG27,2027-07-27,0,0,453,300
2026-08-21,gold,monthly,OG,DEC26,2026-11-24,20999,5086,278445,73621
2026-08-21,gold,monthly,OG,DEC27,2027-11-24,0,0,1385,1480
2026-08-21,gold,monthly,OG,DEC28,2028-11-27,1,0,151,0
2026-08-21,gold,monthly,OG,FEB27,2027-01-26,3868,350,31043,11368
2026-08-21,gold,monthly,OG,FEB28,2028-01-26,0,0,4,0
2026-08-21,gold,monthly,OG,JAN27,2026-12-28,364,104,12634,6565
2026-08-21,gold,monthly,OG,JAN28,2027-12-28,0,0,0,2
2026-08-21,gold,monthly,OG,JUL27,2027-06-24,0,0,2,1
2026-08-21,gold,monthly,OG,JUN27,2027-05-25,613,415,7851,5881
2026-08-21,gold,monthly,OG,MAR27,2027-02-23,194,695,11998,7191
2026-08-21,gold,monthly,OG,MAY27,2027-04-27,26,39,1161,852
2026-08-21,gold,monthly,OG,NOV26,2026-10-27,6362,2251,48882,27135
2026-08-21,gold,monthly,OG,OCT26,2026-09-24,27352,10071,122769,48278
2026-08-21,gold,monthly,OG,SEP26,2026-08-26,10590,4951,97138,61598
2026-08-21,gold,monthly,OG,SEP27,2027-08-26,0,0,302,300
2026-08-21,gold,weekly,OG1,SEP26,2026-09-04,456,354,1735,1086
2026-08-21,gold,weekly,OG2,SEP26,2026-09-11,204,55,750,395
2026-08-21,gold,weekly,OG3,AUG26,2026-08-21,5224,4854,0,0
2026-08-21,gold,weekly,OG4,AUG26,2026-08-28,2367,2705,4508,3312
2026-08-21,silver,monthly,SO,APR27,2027-03-24,0,8,53,247
2026-08-21,silver,monthly,SO,DEC26,2026-11-24,3039,263,19763,6568
2026-08-21,silver,monthly,SO,DEC27,2027-11-24,0,0,106,25
2026-08-21,silver,monthly,SO,DEC28,2028-11-27,0,0,0,40
2026-08-21,silver,monthly,SO,FEB27,2027-01-26,168,45,933,143
2026-08-21,silver,monthly,SO,JAN27,2026-12-28,138,20,3068,619
2026-08-21,silver,monthly,SO,JUL27,2027-06-24,0,0,3,150
2026-08-21,silver,monthly,SO,JUN27,2027-05-25,84,35,333,71
2026-08-21,silver,monthly,SO,MAR27,2027-02-23,276,3,2632,1202
2026-08-21,silver,monthly,SO,MAY27,2027-04-27,16,0,202,16
2026-08-21,silver,monthly,SO,NOV26,2026-10-27,973,175,3699,2027
2026-08-21,silver,monthly,SO,OCT26,2026-09-24,3740,995,36528,6831
2026-08-21,silver,monthly,SO,SEP26,2026-08-26,2089,543,21796,11283
2026-08-21,silver,weekly,SO1,SEP26,2026-09-04,8,18,38,38
2026-08-21,silver,weekly,SO2,SEP26,2026-09-11,1,3,3,14
2026-08-21,silver,weekly,SO3,AUG26,2026-08-21,787,199,0,0
2026-08-21,silver,weekly,SO4,AUG26,2026-08-28,72,55,177,139
2026-08-24,gold,monthly,OG,APR27,2027-03-24,95,60,6018,3977
2026-08-24,gold,monthly,OG,AUG27,2027-07-27,0,0,453,300
2026-08-24,gold,monthly,OG,DEC26,2026-11-24,11860,4457,280464,74819
2026-08-24,gold,monthly,OG,DEC27,2027-11-24,0,0,1385,1480
2026-08-24,gold,monthly,OG,DEC28,2028-11-27,0,0,151,0
2026-08-24,gold,monthly,OG,FEB27,2027-01-26,516,206,30903,11436
2026-08-24,gold,monthly,OG,FEB28,2028-01-26,0,0,4,0
2026-08-24,gold,monthly,OG,JAN27,2026-12-28,1715,250,13301,6793
2026-08-24,gold,monthly,OG,JAN28,2027-12-28,0,0,0,2
2026-08-24,gold,monthly,OG,JUL27,2027-06-24,0,0,2,1
2026-08-24,gold,monthly,OG,JUN27,2027-05-25,646,458,8487,6297
2026-08-24,gold,monthly,OG,MAR27,2027-02-23,2091,103,14068,7282
2026-08-24,gold,monthly,OG,MAY27,2027-04-27,37,10,1196,862
2026-08-24,gold,monthly,OG,NOV26,2026-10-27,5982,2200,50448,28078
2026-08-24,gold,monthly,OG,OCT26,2026-09-24,29527,14911,122121,53966
2026-08-24,gold,monthly,OG,SEP26,2026-08-26,8716,3847,93026,62744
2026-08-24,gold,monthly,OG,SEP27,2027-08-26,0,0,302,300
2026-08-24,gold,weekly,OG1,SEP26,2026-09-04,888,319,2143,1331
2026-08-24,gold,weekly,OG2,SEP26,2026-09-11,370,148,885,495
2026-08-24,gold,weekly,OG3,SEP26,,24,41,24,41
2026-08-24,gold,weekly,OG4,AUG26,2026-08-28,2340,3185,5159,4651
2026-08-24,silver,monthly,SO,APR27,2027-03-24,0,0,53,247
2026-08-24,silver,monthly,SO,DEC26,2026-11-24,1087,180,20374,6618
2026-08-24,silver,monthly,SO,DEC27,2027-11-24,0,0,106,25
2026-08-24,silver,monthly,SO,DEC28,2028-11-27,0,0,0,40
2026-08-24,silver,monthly,SO,FEB27,2027-01-26,703,2,1636,145
2026-08-24,silver,monthly,SO,JAN27,2026-12-28,26,0,3084,619
2026-08-24,silver,monthly,SO,JUL27,2027-06-24,0,0,3,150
2026-08-24,silver,monthly,SO,JUN27,2027-05-25,43,40,371,111
2026-08-24,silver,monthly,SO,MAR27,2027-02-23,21,2,2653,1204
2026-08-24,silver,monthly,SO,MAY27,2027-04-27,1,4,203,20
2026-08-24,silver,monthly,SO,NOV26,2026-10-27,251,105,3798,2060
2026-08-24,silver,monthly,SO,OCT26,2026-09-24,650,776,36666,7079
2026-08-24,silver,monthly,SO,SEP26,2026-08-26,1151,590,21464,11286
2026-08-24,silver,weekly,SO1,SEP26,2026-09-04,33,37,68,73
2026-08-24,silver,weekly,SO2,SEP26,2026-09-11,0,5,3,19
2026-08-24,silver,weekly,SO4,AUG26,2026-08-28,87,43,223,151
2026-08-25,gold,monthly,OG,APR27,2027-03-24,320,140,6229,4106
2026-08-25,gold,monthly,OG,AUG27,2027-07-27,0,0,453,300
2026-08-25,gold,monthly,OG,DEC26,2026-11-24,9714,3300,281848,75903
2026-08-25,gold,monthly,OG,DEC27,2027-11-24,0,0,1385,1480
2026-08-25,gold,monthly,OG,DEC28,2028-11-27,1,0,151,0
2026-08-25,gold,monthly,OG,FEB27,2027-01-26,1030,657,31372,12072
2026-08-25,gold,monthly,OG,FEB28,2028-01-26,0,0,4,0
2026-08-25,gold,monthly,OG,JAN27,2026-12-28,361,247,13473,6908
2026-08-25,gold,monthly,OG,JAN28,2027-12-28,0,0,0,2
2026-08-25,gold,monthly,OG,JUL27,2027-06-24,0,0,2,1
2026-08-25,gold,monthly,OG,JUN27,2027-05-25,1405,782,8577,7028
2026-08-25,gold,monthly,OG,MAR27,2027-02-23,3372,111,17321,7370
2026-08-25,gold,monthly,OG,MAY27,2027-04-27,4,0,1199,862
2026-08-25,gold,monthly,OG,NOV26,2026-10-27,5740,3384,50800,29567
2026-08-25,gold,monthly,OG,OCT26,2026-09-24,15178,8714,121997,56965
2026-08-25,gold,monthly,OG,SEP26,2026-08-26,6148,5499,88704,64655
2026-08-25,gold,monthly,OG,SEP27,2027-08-26,0,0,302,300
2026-08-25,gold,weekly,OG1,SEP26,2026-09-04,210,1096,2266,1863
2026-08-25,gold,weekly,OG2,SEP26,2026-09-11,194,428,920,890
2026-08-25,gold,weekly,OG3,SEP26,2026-09-18,40,282,64,294
2026-08-25,gold,weekly,OG4,AUG26,2026-08-28,1867,2275,5628,4785
2026-08-25,silver,monthly,SO,APR27,2027-03-24,0,0,53,247
2026-08-25,silver,monthly,SO,DEC26,2026-11-24,711,68,20524,6634
2026-08-25,silver,monthly,SO,DEC27,2027-11-24,0,0,106,25
2026-08-25,silver,monthly,SO,DEC28,2028-11-27,0,0,0,40
2026-08-25,silver,monthly,SO,FEB27,2027-01-26,11,0,1642,145
2026-08-25,silver,monthly,SO,JAN27,2026-12-28,65,2,3147,620
2026-08-25,silver,monthly,SO,JUL27,2027-06-24,0,0,3,150
2026-08-25,silver,monthly,SO,JUN27,2027-05-25,0,0,371,111
2026-08-25,silver,monthly,SO,MAR27,2027-02-23,14,0,2662,1204
2026-08-25,silver,monthly,SO,MAY27,2027-04-27,4,15,207,35
2026-08-25,silver,monthly,SO,NOV26,2026-10-27,409,88,4019,2126
2026-08-25,silver,monthly,SO,OCT26,2026-09-24,1117,579,37072,7270
2026-08-25,silver,monthly,SO,SEP26,2026-08-26,1661,644,20927,11234
2026-08-25,silver,weekly,SO1,SEP26,2026-09-04,17,17,80,89
2026-08-25,silver,weekly,SO2,SEP26,2026-09-11,0,31,3,48
2026-08-25,silver,weekly,SO4,AUG26,2026-08-28,193,116,313,176
2026-08-27,gold,monthly,OG,APR27,2027-03-24,942,4,7062,4154
2026-08-27,gold,monthly,OG,AUG27,2027-07-27,0,0,453,300
2026-08-27,gold,monthly,OG,DEC26,2026-11-24,10730,1198,282882,76945
2026-08-27,gold,monthly,OG,DEC27,2027-11-24,0,0,1385,1480
2026-08-27,gold,monthly,OG,DEC28,2028-11-27,0,0,151,0
2026-08-27,gold,monthly,OG,FEB27,2027-01-26,310,172,31639,12441
2026-08-27,gold,monthly,OG,FEB28,2028-01-26,0,0,4,0
2026-08-27,gold,monthly,OG,JAN27,2026-12-28,1137,121,14679,7240
2026-08-27,gold,monthly,OG,JAN28,2027-12-28,0,0,0,2
2026-08-27,gold,monthly,OG,JUL27,2027-06-24,0,0,2,1
2026-08-27,gold,monthly,OG,JUN27,2027-05-25,159,334,9099,7902
2026-08-27,gold,monthly,OG,MAR27,2027-02-23,120,147,17441,7446
2026-08-27,gold,monthly,OG,MAY27,2027-04-27,13,24,1254,942
2026-08-27,gold,monthly,OG,NOV26,2026-10-27,4771,1074,52411,30388
2026-08-27,gold,monthly,OG,OCT26,2026-09-24,9476,7327,125223,59353
2026-08-27,gold,monthly,OG,SEP27,2027-08-26,0,0,302,300
2026-08-27,gold,weekly,OG1,SEP26,2026-09-04,617,794,2792,2534
2026-08-27,gold,weekly,OG2,SEP26,2026-09-11,265,79,1181,1117
2026-08-27,gold,weekly,OG3,SEP26,2026-09-18,30,193,128,453
2026-08-27,gold,weekly,OG4,AUG26,2026-08-28,2655,3424,7762,7131
2026-08-27,silver,monthly,SO,APR27,2027-03-24,4,2,55,249
2026-08-27,silver,monthly,SO,DEC26,2026-11-24,434,462,20844,6988
2026-08-27,silver,monthly,SO,DEC27,2027-11-24,0,0,106,25
2026-08-27,silver,monthly,SO,DEC28,2028-11-27,0,0,0,40
2026-08-27,silver,monthly,SO,FEB27,2027-01-26,201,0,1821,145
2026-08-27,silver,monthly,SO,JAN27,2026-12-28,57,12,3204,631
2026-08-27,silver,monthly,SO,JUL27,2027-06-24,0,0,3,150
2026-08-27,silver,monthly,SO,JUN27,2027-05-25,0,0,416,111
2026-08-27,silver,monthly,SO,MAR27,2027-02-23,49,0,2715,1215
2026-08-27,silver,monthly,SO,MAY27,2027-04-27,69,10,376,45
2026-08-27,silver,monthly,SO,NOV26,2026-10-27,686,194,4878,2358
2026-08-27,silver,monthly,SO,OCT26,2026-09-24,1616,916,37766,7993
2026-08-27,silver,weekly,SO1,SEP26,2026-09-04,154,6,266,108
2026-08-27,silver,weekly,SO2,SEP26,2026-09-11,1,5,6,68
2026-08-27,silver,weekly,SO3,SEP26,2026-09-18,1,1,1,1
2026-08-27,silver,weekly,SO4,AUG26,2026-08-28,184,169,471,337
2026-08-28,gold,monthly,OG,APR27,2027-03-24,1110,12,8104,4158
2026-08-28,gold,monthly,OG,AUG27,2027-07-27,2,2,455,302
2026-08-28,gold,monthly,OG,DEC26,2026-11-24,35334,3018,273359,77582
2026-08-28,gold,monthly,OG,DEC27,2027-11-24,0,0,1385,1480
2026-08-28,gold,monthly,OG,DEC28,2028-11-27,0,0,151,0
2026-08-28,gold,monthly,OG,FEB27,2027-01-26,1543,78,31129,12495
2026-08-28,gold,monthly,OG,FEB28,2028-01-26,0,0,4,0
2026-08-28,gold,monthly,OG,JAN27,2026-12-28,4875,197,18703,7394
2026-08-28,gold,monthly,OG,JAN28,2027-12-28,0,0,0,2
2026-08-28,gold,monthly,OG,JUL27,2027-06-24,0,0,2,1
2026-08-28,gold,monthly,OG,JUN27,2027-05-25,213,188,9266,8073
2026-08-28,gold,monthly,OG,MAR27,2027-02-23,72,1,17465,7447
2026-08-28,gold,monthly,OG,MAY27,2027-04-27,17,80,1267,941
2026-08-28,gold,monthly,OG,NOV26,2026-10-27,13304,2655,54782,31557
2026-08-28,gold,monthly,OG,OCT26,2026-09-24,24286,10803,126767,62067
2026-08-28,gold,monthly,OG,SEP27,2027-08-26,0,0,302,300
2026-08-28,gold,weekly,OG1,SEP26,2026-09-04,2770,2779,4305,3852
2026-08-28,gold,weekly,OG2,SEP26,2026-09-11,964,1060,1741,2035
2026-08-28,gold,weekly,OG3,SEP26,2026-09-18,348,114,417,535
2026-08-28,gold,weekly,OG4,AUG26,2026-08-28,14068,9499,0,0
2026-08-28,silver,monthly,SO,APR27,2027-03-24,10,1,65,249
2026-08-28,silver,monthly,SO,DEC26,2026-11-24,1422,184,21226,7102
2026-08-28,silver,monthly,SO,DEC27,2027-11-24,0,0,106,25
2026-08-28,silver,monthly,SO,DEC28,2028-11-27,0,0,0,40
2026-08-28,silver,monthly,SO,FEB27,2027-01-26,70,2,1882,147
2026-08-28,silver,monthly,SO,JAN27,2026-12-28,133,1,3284,631
2026-08-28,silver,monthly,SO,JUL27,2027-06-24,0,0,3,150
2026-08-28,silver,monthly,SO,JUN27,2027-05-25,13,4,423,115
2026-08-28,silver,monthly,SO,MAR27,2027-02-23,67,12,2775,1227
2026-08-28,silver,monthly,SO,MAY27,2027-04-27,31,0,407,45
2026-08-28,silver,monthly,SO,NOV26,2026-10-27,683,258,4872,2492
2026-08-28,silver,monthly,SO,OCT26,2026-09-24,7835,1935,36681,8707
2026-08-28,silver,monthly,SO,SEP27,2027-08-26,25,0,25,0
2026-08-28,silver,weekly,SO1,SEP26,2026-09-04,266,196,268,215
2026-08-28,silver,weekly,SO2,SEP26,2026-09-11,56,25,59,83
2026-08-28,silver,weekly,SO3,SEP26,2026-09-18,26,1,18,0
2026-08-28,silver,weekly,SO4,AUG26,2026-08-28,876,665,0,0
2026-09-01,gold,monthly,OG,APR27,2027-03-24,253,142,8293,4260
2026-09-01,gold,monthly,OG,AUG27,2027-07-27,2,2,457,304
2026-09-01,gold,monthly,OG,DEC26,2026-11-24,21428,7016,277982,80828
2026-09-01,gold,monthly,OG,DEC27,2027-11-24,0,0,1385,1480
2026-09-01,gold,monthly,OG,DEC28,2028-11-27,0,0,151,0
2026-09-01,gold,monthly,OG,FEB27,2027-01-26,1955,896,32612,13348
2026-09-01,gold,monthly,OG,FEB28,2028-01-26,0,0,4,0
2026-09-01,gold,monthly,OG,JAN27,2026-12-28,2549,1125,20970,8402
2026-09-01,gold,monthly,OG,JAN28,2027-12-28,0,0,0,2
2026-09-01,gold,monthly,OG,JUL27,2027-06-24,0,0,2,1
2026-09-01,gold,monthly,OG,JUN27,2027-05-25,329,320,9377,8416
2026-09-01,gold,monthly,OG,MAR27,2027-02-23,570,22,17933,7465
2026-09-01,gold,monthly,OG,MAY27,2027-04-27,184,198,1600,1176
2026-09-01,gold,monthly,OG,NOV26,2026-10-27,8391,4643,61581,33283
2026-09-01,gold,monthly,OG,OCT26,2026-09-24,21456,12627,128088,63686
2026-09-01,gold,monthly,OG,SEP27,2027-08-26,0,0,302,300
2026-09-01,gold,weekly,OG1,SEP26,2026-09-04,1718,2403,5608,4910
2026-09-01,gold,weekly,OG2,SEP26,2026-09-11,1295,1789,2400,3377
2026-09-01,gold,weekly,OG3,SEP26,2026-09-18,312,189,735,860
2026-09-01,gold,weekly,OG4,SEP26,2026-09-25,377,186,335,120
2026-09-01,silver,monthly,SO,APR27,2027-03-24,2,2,78,249
2026-09-01,silver,monthly,SO,DEC26,2026-11-24,1350,75,21400,7242
2026-09-01,silver,monthly,SO,DEC27,2027-11-24,0,0,106,25
2026-09-01,silver,monthly,SO,DEC28,2028-11-27,0,0,0,40
2026-09-01,silver,monthly,SO,FEB27,2027-01-26,134,6,2014,147
2026-09-01,silver,monthly,SO,JAN27,2026-12-28,184,7,3215,648
2026-09-01,silver,monthly,SO,JUL27,2027-06-24,2,0,5,150
2026-09-01,silver,monthly,SO,JUN27,2027-05-25,0,1,423,116
2026-09-01,silver,monthly,SO,MAR27,2027-02-23,106,2,2905,1227
2026-09-01,silver,monthly,SO,MAY27,2027-04-27,8,0,413,45
2026-09-01,silver,monthly,SO,NOV26,2026-10-27,435,114,4936,2690
2026-09-01,silver,monthly,SO,OCT26,2026-09-24,1203,1046,36157,8732
2026-09-01,silver,monthly,SO,SEP27,2027-08-26,0,0,25,0
2026-09-01,silver,weekly,SO1,SEP26,2026-09-04,103,51,379,315
2026-09-01,silver,weekly,SO2,SEP26,2026-09-11,18,17,96,165
2026-09-01,silver,weekly,SO3,SEP26,2026-09-18,2,2,26,2
2026-09-01,silver,weekly,SO4,SEP26,2026-09-25,1,5,1,5
2026-09-02,gold,monthly,OG,APR27,2027-03-24,17,43,8304,4270
2026-09-02,gold,monthly,OG,AUG27,2027-07-27,4000,0,4457,304
2026-09-02,gold,monthly,OG,DEC26,2026-11-24,10318,3048,280396,80499
2026-09-02,gold,monthly,OG,DEC27,2027-11-24,0,0,1385,1480
2026-09-02,gold,monthly,OG,DEC28,2028-11-27,0,0,151,0
2026-09-02,gold,monthly,OG,FEB27,2027-01-26,692,73,33151,13394
2026-09-02,gold,monthly,OG,FEB28,2028-01-26,0,0,4,0
2026-09-02,gold,monthly,OG,JAN27,2026-12-28,224,223,21107,8584
2026-09-02,gold,monthly,OG,JAN28,2027-12-28,0,0,0,2
2026-09-02,gold,monthly,OG,JUL27,2027-06-24,0,0,2,1
2026-09-02,gold,monthly,OG,JUN27,2027-05-25,6,0,9381,8416
2026-09-02,gold,monthly,OG,MAR27,2027-02-23,610,170,18536,7526
2026-09-02,gold,monthly,OG,MAY27,2027-04-27,7,19,1603,1194
2026-09-02,gold,monthly,OG,NOV26,2026-10-27,5629,3293,64092,34829
2026-09-02,gold,monthly,OG,OCT26,2026-09-24,16422,6556,127435,65061
2026-09-02,gold,monthly,OG,SEP27,2027-08-26,0,0,302,300
2026-09-02,gold,weekly,OG1,SEP26,2026-09-04,2179,1241,6687,5035
2026-09-02,gold,weekly,OG2,SEP26,2026-09-11,1172,554,3141,3606
2026-09-02,gold,weekly,OG3,SEP26,2026-09-18,8028,123,8294,935
2026-09-02,gold,weekly,OG4,SEP26,2026-09-25,156,258,406,294
2026-09-02,silver,monthly,SO,APR27,2027-03-24,26,0,102,249
2026-09-02,silver,monthly,SO,DEC26,2026-11-24,731,239,21554,7384
2026-09-02,silver,monthly,SO,DEC27,2027-11-24,0,0,106,25
2026-09-02,silver,monthly,SO,DEC28,2028-11-27,0,0,0,40
2026-09-02,silver,monthly,SO,FEB27,2027-01-26,6,12,2020,159
2026-09-02,silver,monthly,SO,JAN27,2026-12-28,82,13,3294,660
2026-09-02,silver,monthly,SO,JUL27,2027-06-24,0,0,5,150
2026-09-02,silver,monthly,SO,JUN27,2027-05-25,0,1,423,116
2026-09-02,silver,monthly,SO,MAR27,2027-02-23,9,48,2914,1230
2026-09-02,silver,monthly,SO,MAY27,2027-04-27,0,1,413,46
2026-09-02,silver,monthly,SO,NOV26,2026-10-27,448,528,5068,3099
2026-09-02,silver,monthly,SO,OCT26,2026-09-24,2960,717,37187,8656
2026-09-02,silver,monthly,SO,SEP27,2027-08-26,0,0,25,0
2026-09-02,silver,weekly,SO1,SEP26,2026-09-04,71,40,420,346
2026-09-02,silver,weekly,SO2,SEP26,2026-09-11,28,22,115,169
2026-09-02,silver,weekly,SO3,SEP26,2026-09-18,89,40,112,42
2026-09-02,silver,weekly,SO4,SEP26,2026-09-25,4,5,5,6
2026-09-03,gold,monthly,OG,APR27,2027-03-24,872,110,8646,4357
2026-09-03,gold,monthly,OG,AUG27,2027-07-27,0,0,4457,304
2026-09-03,gold,monthly,OG,DEC26,2026-11-24,15116,6115,278609,79398
2026-09-03,gold,monthly,OG,DEC27,2027-11-24,0,0,1385,1480
2026-09-03,gold,monthly,OG,DEC28,2028-11-27,0,0,151,0
2026-09-03,gold,monthly,OG,FEB27,2027-01-26,1035,154,33797,13522
2026-09-03,gold,monthly,OG,FEB28,2028-01-26,0,0,4,0
2026-09-03,gold,monthly,OG,JAN27,2026-12-28,1479,289,22250,8673
2026-09-03,gold,monthly,OG,JAN28,2027-12-28,0,0,0,2
2026-09-03,gold,monthly,OG,JUL27,2027-06-24,0,0,2,1
2026-09-03,gold,monthly,OG,JUN27,2027-05-25,35,363,9397,8713
2026-09-03,gold,monthly,OG,MAR27,2027-02-23,450,15,18888,7531
2026-09-03,gold,monthly,OG,MAY27,2027-04-27,8,7,1600,1191
2026-09-03,gold,monthly,OG,NOV26,2026-10-27,5395,2663,65533,35419
2026-09-03,gold,monthly,OG,OCT26,2026-09-24,18435,6620,124024,66252
2026-09-03,gold,monthly,OG,SEP27,2027-08-26,0,0,302,300
2026-09-03,gold,weekly,OG1,SEP26,2026-09-04,5534,3058,8531,6342
2026-09-03,gold,weekly,OG2,SEP26,2026-09-11,2756,455,3934,3709
2026-09-03,gold,weekly,OG3,SEP26,2026-09-18,1818,376,8276,1202
2026-09-03,gold,weekly,OG4,SEP26,2026-09-25,348,374,329,446
2026-09-03,silver,monthly,SO,APR27,2027-03-24,5,20,102,268
2026-09-03,silver,monthly,SO,DEC26,2026-11-24,1379,91,22148,7377
2026-09-03,silver,monthly,SO,DEC27,2027-11-24,0,0,106,25
2026-09-03,silver,monthly,SO,DEC28,2028-11-27,0,0,0,40
2026-09-03,silver,monthly,SO,FEB27,2027-01-26,153,2,2134,161
2026-09-03,silver,monthly,SO,JAN27,2026-12-28,4289,11,7571,670
2026-09-03,silver,monthly,SO,JUL27,2027-06-24,0,0,5,150
2026-09-03,silver,monthly,SO,JUN27,2027-05-25,25,25,448,141
2026-09-03,silver,monthly,SO,MAR27,2027-02-23,10,25,2914,1250
2026-09-03,silver,monthly,SO,MAY27,2027-04-27,3,0,412,46
2026-09-03,silver,monthly,SO,NOV26,2026-10-27,750,388,5517,3389
2026-09-03,silver,monthly,SO,OCT26,2026-09-24,1933,500,37654,8639
2026-09-03,silver,monthly,SO,SEP27,2027-08-26,0,0,25,0
2026-09-03,silver,weekly,SO1,SEP26,2026-09-04,340,205,644,462
2026-09-03,silver,weekly,SO2,SEP26,2026-09-11,54,27,153,188
2026-09-03,silver,weekly,SO3,SEP26,2026-09-18,2,1,114,43
2026-09-03,silver,weekly,SO4,SEP26,2026-09-25,4,1,4,7
2026-09-04,gold,monthly,OG,APR27,2027-03-24,114,103,8708,4439
2026-09-04,gold,monthly,OG,AUG27,2027-07-27,0,0,4457,304
2026-09-04,gold,monthly,OG,DEC26,2026-11-24,7011,2722,278420,79768
2026-09-04,gold,monthly,OG,DEC27,2027-11-24,0,0,1385,1480
2026-09-04,gold,monthly,OG,DEC28,2028-11-27,0,0,151,0
2026-09-04,gold,monthly,OG,FEB27,2027-01-26,1281,16,34428,13531
2026-09-04,gold,monthly,OG,FEB28,2028-01-26,0,0,4,0
2026-09-04,gold,monthly,OG,JAN27,2026-12-28,900,97,22886,8750
2026-09-04,gold,monthly,OG,JAN28,2027-12-28,0,0,0,2
2026-09-04,gold,monthly,OG,JUL27,2027-06-24,0,0,2,1
2026-09-04,gold,monthly,OG,JUN27,2027-05-25,205,526,9600,9239
2026-09-04,gold,monthly,OG,MAR27,2027-02-23,10,22,18892,7552
2026-09-04,gold,monthly,OG,MAY27,2027-04-27,30,30,1630,1221
2026-09-04,gold,monthly,OG,NOV26,2026-10-27,3341,1875,65997,35919
2026-09-04,gold,monthly,OG,OCT26,2026-09-24,10539,4430,126001,66306
2026-09-04,gold,monthly,OG,SEP27,2027-08-26,0,0,302,300
2026-09-04,gold,weekly,OG1,SEP26,2026-09-04,5020,6717,0,0
2026-09-04,gold,weekly,OG2,SEP26,2026-09-11,2235,1273,4761,4275
2026-09-04,gold,weekly,OG3,SEP26,2026-09-18,2268,756,8618,1831
2026-09-04,gold,weekly,OG4,SEP26,2026-09-25,285,259,384,518
2026-09-04,silver,monthly,SO,APR27,2027-03-24,0,0,102,268
2026-09-04,silver,monthly,SO,DEC26,2026-11-24,847,58,22536,7390
2026-09-04,silver,monthly,SO,DEC27,2027-11-24,0,0,106,25
2026-09-04,silver,monthly,SO,DEC28,2028-11-27,0,0,0,40
2026-09-04,silver,monthly,SO,FEB27,2027-01-26,205,8,2324,169
2026-09-04,silver,monthly,SO,JAN27,2026-12-28,648,16,7709,679
2026-09-04,silver,monthly,SO,JUL27,2027-06-24,0,0,5,150
2026-09-04,silver,monthly,SO,JUN27,2027-05-25,0,1,448,142
2026-09-04,silver,monthly,SO,MAR27,2027-02-23,31,47,2941,1296
2026-09-04,silver,monthly,SO,MAY27,2027-04-27,3,0,413,46
2026-09-04,silver,monthly,SO,NOV26,2026-10-27,255,186,5594,3487
2026-09-04,silver,monthly,SO,OCT26,2026-09-24,1034,688,37709,8661
2026-09-04,silver,monthly,SO,SEP27,2027-08-26,0,0,25,0
2026-09-04,silver,weekly,SO1,SEP26,2026-09-04,270,316,0,0
2026-09-04,silver,weekly,SO2,SEP26,2026-09-11,81,26,219,208
2026-09-04,silver,weekly,SO3,SEP26,2026-09-18,38,73,152,116
2026-09-04,silver,weekly,SO4,SEP26,2026-09-25,6,0,8,7
2026-09-08,gold,monthly,OG,APR27,2027-03-24,869,779,9490,5196
2026-09-08,gold,monthly,OG,AUG27,2027-07-27,0,0,4457,304
2026-09-08,gold,monthly,OG,DEC26,2026-11-24,8514,2866,278014,80092
2026-09-08,gold,monthly,OG,DEC27,2027-11-24,0,8,1385,1488
2026-09-08,gold,monthly,OG,DEC28,2028-11-27,0,0,151,0
2026-09-08,gold,monthly,OG,FEB27,2027-01-26,554,94,34928,13589
2026-09-08,gold,monthly,OG,FEB28,2028-01-26,0,0,4,0
2026-09-08,gold,monthly,OG,JAN27,2026-12-28,1194,548,23652,9079
2026-09-08,gold,monthly,OG,JAN28,2027-12-28,0,0,0,2
2026-09-08,gold,monthly,OG,JUL27,2027-06-24,0,0,2,1
2026-09-08,gold,monthly,OG,JUN27,2027-05-25,735,911,10327,10149
2026-09-08,gold,monthly,OG,MAR27,2027-02-23,160,84,19023,7619
2026-09-08,gold,monthly,OG,MAY27,2027-04-27,225,216,1821,1435
2026-09-08,gold,monthly,OG,NOV26,2026-10-27,6118,3198,66834,37295
2026-09-08,gold,monthly,OG,OCT26,2026-09-24,19523,5001,130757,66964
2026-09-08,gold,monthly,OG,SEP27,2027-08-26,0,0,302,300
2026-09-08,gold,weekly,OG1,OCT26,,35,51,35,51
2026-09-08,gold,weekly,OG2,SEP26,2026-09-11,2662,2152,6294,4876
2026-09-08,gold,weekly,OG3,SEP26,2026-09-18,4346,559,6757,2250
2026-09-08,gold,weekly,OG4,SEP26,2026-09-25,506,226,540,515
2026-09-08,silver,monthly,SO,APR27,2027-03-24,0,0,102,268
2026-09-08,silver,monthly,SO,AUG27,2027-07-27,2,0,2,0
2026-09-08,silver,monthly,SO,DEC26,2026-11-24,501,281,22524,7593
2026-09-08,silver,monthly,SO,DEC27,2027-11-24,0,0,106,25
2026-09-08,silver,monthly,SO,DEC28,2028-11-27,0,0,0,40
2026-09-08,silver,monthly,SO,FEB27,2027-01-26,0,2,2324,171
2026-09-08,silver,monthly,SO,JAN27,2026-12-28,209,56,7862,734
2026-09-08,silver,monthly,SO,JUL27,2027-06-24,0,0,5,150
2026-09-08,silver,monthly,SO,JUN27,2027-05-25,0,0,448,142
2026-09-08,silver,monthly,SO,MAR27,2027-02-23,150,30,2964,1271
2026-09-08,silver,monthly,SO,MAY27,2027-04-27,0,5,413,51
2026-09-08,silver,monthly,SO,NOV26,2026-10-27,110,185,5626,3484
2026-09-08,silver,monthly,SO,OCT26,2026-09-24,1046,925,37803,8950
2026-09-08,silver,monthly,SO,SEP27,2027-08-26,0,0,25,0
2026-09-08,silver,weekly,SO1,OCT26,2026-09-04,4,0,0,0
2026-09-08,silver,weekly,SO2,SEP26,2026-09-11,50,53,254,245
2026-09-08,silver,weekly,SO3,SEP26,2026-09-18,17,12,166,128
2026-09-08,silver,weekly,SO4,SEP26,2026-09-25,0,0,8,7
2026-09-09,gold,monthly,OG,APR27,2027-03-24,113,27,9602,5210
2026-09-09,gold,monthly,OG,AUG27,2027-07-27,7,2,4462,306
2026-09-09,gold,monthly,OG,DEC26,2026-11-24,5002,1873,278730,79991
2026-09-09,gold,monthly,OG,DEC27,2027-11-24,0,0,1385,1488
2026-09-09,gold,monthly,OG,DEC28,2028-11-27,0,0,151,0
2026-09-09,gold,monthly,OG,FEB27,2027-01-26,347,63,34983,13639
2026-09-09,gold,monthly,OG,FEB28,2028-01-26,0,0,4,0
2026-09-09,gold,monthly,OG,JAN27,2026-12-28,1784,445,25254,9180
2026-09-09,gold,monthly,OG,JAN28,2027-12-28,0,0,0,2
2026-09-09,gold,monthly,OG,JUL27,2027-06-24,1,0,3,1
2026-09-09,gold,monthly,OG,JUN27,2027-05-25,277,222,10556,10149
2026-09-09,gold,monthly,OG,MAR27,2027-02-23,36,3,19010,7619
2026-09-09,gold,monthly,OG,MAY27,2027-04-27,0,0,1821,1435
2026-09-09,gold,monthly,OG,NOV26,2026-10-27,2807,2413,67580,37917
2026-09-09,gold,monthly,OG,OCT26,2026-09-24,10969,3543,131030,67257
2026-09-09,gold,monthly,OG,SEP27,2027-08-26,0,0,302,300
2026-09-09,gold,weekly,OG1,OCT26,2026-10-02,53,70,88,105
2026-09-09,gold,weekly,OG2,SEP26,2026-09-11,3087,1527,7488,5638
2026-09-09,gold,weekly,OG3,SEP26,2026-09-18,438,394,6678,2552
2026-09-09,gold,weekly,OG4,SEP26,2026-09-25,317,279,621,541
2026-09-09,silver,monthly,SO,APR27,2027-03-24,0,1,102,269
2026-09-09,silver,monthly,SO,AUG27,2027-07-27,0,0,2,0
2026-09-09,silver,monthly,SO,DEC26,2026-11-24,594,137,22627,7663
2026-09-09,silver,monthly,SO,DEC27,2027-11-24,0,0,106,25
2026-09-09,silver,monthly,SO,DEC28,2028-11-27,0,0,0,40
2026-09-09,silver,monthly,SO,FEB27,2027-01-26,46,1,2333,171
2026-09-09,silver,monthly,SO,JAN27,2026-12-28,2427,6,9708,734
2026-09-09,silver,monthly,SO,JUL27,2027-06-24,0,0,5,150
2026-09-09,silver,monthly,SO,JUN27,2027-05-25,0,0,448,142
2026-09-09,silver,monthly,SO,MAR27,2027-02-23,81,0,3013,1271
2026-09-09,silver,monthly,SO,MAY27,2027-04-27,10,20,423,71
2026-09-09,silver,monthly,SO,NOV26,2026-10-27,549,301,6009,3657
2026-09-09,silver,monthly,SO,OCT26,2026-09-24,1437,1110,38013,9245
2026-09-09,silver,monthly,SO,SEP27,2027-08-26,0,0,25,0
2026-09-09,silver,weekly,SO1,OCT26,2026-10-02,4,16,4,16
2026-09-09,silver,weekly,SO2,SEP26,2026-09-11,158,88,349,298
2026-09-09,silver,weekly,SO3,SEP26,2026-09-18,87,52,139,179
2026-09-09,silver,weekly,SO4,SEP26,2026-09-25,5,24,11,31
2026-09-10,gold,monthly,OG,APR27,2027-03-24,577,39,10134,5247
2026-09-10,gold,monthly,OG,AUG27,2027-07-27,0,0,4462,306
2026-09-10,gold,monthly,OG,DEC26,2026-11-24,26823,2344,294878,80089
2026-09-10,gold,monthly,OG,DEC27,2027-11-24,0,0,1385,1488
2026-09-10,gold,monthly,OG,DEC28,2028-11-27,0,0,151,0
2026-09-10,gold,monthly,OG,FEB27,2027-01-26,1261,369,35210,13747
2026-09-10,gold,monthly,OG,FEB28,2028-01-26,0,0,4,0
2026-09-10,gold,monthly,OG,JAN27,2026-12-28,590,256,25260,9377
2026-09-10,gold,monthly,OG,JAN28,2027-12-28,0,0,0,2
2026-09-10,gold,monthly,OG,JUL27,2027-06-24,0,0,3,1
2026-09-10,gold,monthly,OG,JUN27,2027-05-25,158,286,10631,10336
2026-09-10,gold,monthly,OG,MAR27,2027-02-23,383,2,19001,7621
2026-09-10,gold,monthly,OG,MAY27,2027-04-27,200,300,1830,1574
2026-09-10,gold,monthly,OG,NOV26,2026-10-27,3984,3813,68044,38570
2026-09-10,gold,monthly,OG,OCT26,2026-09-24,12896,7052,129656,67696
2026-09-10,gold,monthly,OG,SEP27,2027-08-26,0,0,302,300
2026-09-10,gold,weekly,OG1,OCT26,2026-10-02,448,119,312,217
2026-09-10,gold,weekly,OG2,SEP26,2026-09-11,4077,3583,8941,7225
2026-09-10,gold,weekly,OG3,SEP26,2026-09-18,3480,4752,5912,3608
2026-09-10,gold,weekly,OG4,SEP26,2026-09-25,349,294,741,747
2026-09-10,silver,monthly,SO,APR27,2027-03-24,5,7,107,275
2026-09-10,silver,monthly,SO,AUG27,2027-07-27,16,0,16,0
2026-09-10,silver,monthly,SO,DEC26,2026-11-24,1167,403,23258,7966
2026-09-10,silver,monthly,SO,DEC27,2027-11-24,0,0,106,25
2026-09-10,silver,monthly,SO,DEC28,2028-11-27,0,0,0,40
2026-09-10,silver,monthly,SO,FEB27,2027-01-26,224,1,2219,172
2026-09-10,silver,monthly,SO,JAN27,2026-12-28,215,6,9564,740
2026-09-10,silver,monthly,SO,JUL27,2027-06-24,0,0,5,150
2026-09-10,silver,monthly,SO,JUN27,2027-05-25,0,0,448,142
2026-09-10,silver,monthly,SO,MAR27,2027-02-23,167,44,3180,1293
2026-09-10,silver,monthly,SO,MAY27,2027-04-27,0,0,423,71
2026-09-10,silver,monthly,SO,NOV26,2026-10-27,310,406,6099,3895
2026-09-10,silver,monthly,SO,OCT26,2026-09-24,2433,1436,38019,9433
2026-09-10,silver,monthly,SO,SEP27,2027-08-26,0,0,25,0
2026-09-10,silver,weekly,SO1,OCT26,2026-10-02,6,45,9,61
2026-09-10,silver,weekly,SO2,SEP26,2026-09-11,165,337,440,414
2026-09-10,silver,weekly,SO3,SEP26,2026-09-18,133,425,257,589
2026-09-10,silver,weekly,SO4,SEP26,2026-09-25,12,4,17,34
2026-09-11,gold,monthly,OG,APR27,2027-03-24,674,236,10727,5468
2026-09-11,gold,monthly,OG,AUG27,2027-07-27,0,0,4462,306
2026-09-11,gold,monthly,OG,DEC26,2026-11-24,7862,2919,295471,80751
2026-09-11,gold,monthly,OG,DEC27,2027-11-24,0,0,1385,1488
2026-09-11,gold,monthly,OG,DEC28,2028-11-27,0,0,151,0
2026-09-11,gold,monthly,OG,FEB27,2027-01-26,889,261,35345,13855
2026-09-11,gold,monthly,OG,FEB28,2028-01-26,0,0,4,0
2026-09-11,gold,monthly,OG,JAN27,2026-12-28,271,122,25332,9465
2026-09-11,gold,monthly,OG,JAN28,2027-12-28,0,0,0,2
2026-09-11,gold,monthly,OG,JUL27,2027-06-24,0,0,3,1
2026-09-11,gold,monthly,OG,JUN27,2027-05-25,1058,350,11367,10683
2026-09-11,gold,monthly,OG,MAR27,2027-02-23,148,13,19134,7632
2026-09-11,gold,monthly,OG,MAY27,2027-04-27,0,0,1830,1574
2026-09-11,gold,monthly,OG,NOV26,2026-10-27,5015,2798,68894,39080
2026-09-11,gold,monthly,OG,OCT26,2026-09-24,17328,5541,133179,67331
2026-09-11,gold,monthly,OG,SEP27,2027-08-26,4,0,306,300
2026-09-11,gold,weekly,OG1,OCT26,2026-10-02,122,127,413,335
2026-09-11,gold,weekly,OG2,SEP26,2026-09-11,5364,5857,0,0
2026-09-11,gold,weekly,OG3,SEP26,2026-09-18,7815,2273,7858,3629
2026-09-11,gold,weekly,OG4,SEP26,2026-09-25,418,362,885,903
2026-09-11,silver,monthly,SO,APR27,2027-03-24,0,0,107,275
2026-09-11,silver,monthly,SO,AUG27,2027-07-27,0,0,16,0
2026-09-11,silver,monthly,SO,DEC26,2026-11-24,841,486,23532,8310
2026-09-11,silver,monthly,SO,DEC27,2027-11-24,0,0,106,25
2026-09-11,silver,monthly,SO,DEC28,2028-11-27,0,0,0,40
2026-09-11,silver,monthly,SO,FEB27,2027-01-26,9,6,2226,173
2026-09-11,silver,monthly,SO,JAN27,2026-12-28,80,4,9601,742
2026-09-11,silver,monthly,SO,JUL27,2027-06-24,0,0,5,150
2026-09-11,silver,monthly,SO,JUN27,2027-05-25,0,0,448,142
2026-09-11,silver,monthly,SO,MAR27,2027-02-23,249,8,3280,1301
2026-09-11,silver,monthly,SO,MAR28,2028-02-24,1,0,1,0
2026-09-11,silver,monthly,SO,MAY27,2027-04-27,3,0,425,71
2026-09-11,silver,monthly,SO,NOV26,2026-10-27,555,422,6428,4168
2026-09-11,silver,monthly,SO,OCT26,2026-09-24,1882,1667,38239,9430
2026-09-11,silver,monthly,SO,SEP27,2027-08-26,0,0,25,0
2026-09-11,silver,weekly,SO1,OCT26,2026-10-02,10,14,19,70
2026-09-11,silver,weekly,SO2,SEP26,2026-09-11,194,166,0,0
2026-09-11,silver,weekly,SO3,SEP26,2026-09-18,97,98,342,646
2026-09-11,silver,weekly,SO4,SEP26,2026-09-25,0,1,17,35
2026-09-14,gold,monthly,OG,APR27,2027-03-24,960,719,11442,6180
2026-09-14,gold,monthly,OG,AUG27,2027-07-27,1,0,4461,306
2026-09-14,gold,monthly,OG,DEC26,2026-11-24,9077,3128,295994,81123
2026-09-14,gold,monthly,OG,DEC27,2027-11-24,0,0,1385,1488
2026-09-14,gold,monthly,OG,DEC28,2028-11-27,0,0,151,0
2026-09-14,gold,monthly,OG,FEB27,2027-01-26,1373,300,35704,13925
2026-09-14,gold,monthly,OG,FEB28,2028-01-26,0,11,4,11
2026-09-14,gold,monthly,OG,JAN27,2026-12-28,3756,431,24020,9735
2026-09-14,gold,monthly,OG,JAN28,2027-12-28,0,0,0,2
2026-09-14,gold,monthly,OG,JUL27,2027-06-24,1,0,2,1
2026-09-14,gold,monthly,OG,JUN27,2027-05-25,1762,502,12485,11181
2026-09-14,gold,monthly,OG,MAR27,2027-02-23,350,457,19229,7888
2026-09-14,gold,monthly,OG,MAY27,2027-04-27,8,40,1824,1604
2026-09-14,gold,monthly,OG,NOV26,2026-10-27,11798,3142,68302,39822
2026-09-14,gold,monthly,OG,OCT26,2026-09-24,23464,5869,139093,66798
2026-09-14,gold,monthly,OG,SEP27,2027-08-26,0,0,306,300
2026-09-14,gold,weekly,OG1,OCT26,2026-10-02,68,41,460,371
2026-09-14,gold,weekly,OG2,OCT26,,37,72,35,72
2026-09-14,gold,weekly,OG3,SEP26,2026-09-18,3140,1746,8325,4542
2026-09-14,gold,weekly,OG4,SEP26,2026-09-25,533,379,1057,1070
2026-09-14,silver,monthly,SO,APR27,2027-03-24,0,0,107,275
2026-09-14,silver,monthly,SO,AUG27,2027-07-27,0,0,16,0
2026-09-14,silver,monthly,SO,DEC26,2026-11-24,343,562,23522,8299
2026-09-14,silver,monthly,SO,DEC27,2027-11-24,0,0,106,25
2026-09-14,silver,monthly,SO,DEC28,2028-11-27,0,0,0,40
2026-09-14,silver,monthly,SO,FEB27,2027-01-26,308,1,2005,174
2026-09-14,silver,monthly,SO,JAN27,2026-12-28,330,236,9610,965
2026-09-14,silver,monthly,SO,JUL27,2027-06-24,0,0,5,150
2026-09-14,silver,monthly,SO,JUN27,2027-05-25,0,3,448,142
2026-09-14,silver,monthly,SO,MAR27,2027-02-23,69,55,3346,1356
2026-09-14,silver,monthly,SO,MAR28,2028-02-24,0,0,1,0
2026-09-14,silver,monthly,SO,MAY27,2027-04-27,0,0,425,71
2026-09-14,silver,monthly,SO,NOV26,2026-10-27,292,160,6461,4214
2026-09-14,silver,monthly,SO,OCT26,2026-09-24,2299,1679,38713,9416
2026-09-14,silver,monthly,SO,SEP27,2027-08-26,0,0,25,0
2026-09-14,silver,weekly,SO1,OCT26,2026-10-02,5,13,24,83
2026-09-14,silver,weekly,SO3,SEP26,2026-09-18,1162,118,1391,743
2026-09-14,silver,weekly,SO4,SEP26,2026-09-25,7,8,24,43
2026-09-15,gold,monthly,OG,APR27,2027-03-24,4183,116,15017,6198
2026-09-15,gold,monthly,OG,AUG27,2027-07-27,0,0,4461,306
2026-09-15,gold,monthly,OG,DEC26,2026-11-24,6475,4177,296034,82813
2026-09-15,gold,monthly,OG,DEC27,2027-11-24,0,0,1385,1488
2026-09-15,gold,monthly,OG,DEC28,2028-11-27,0,0,151,0
2026-09-15,gold,monthly,OG,FEB27,2027-01-26,1057,289,35843,14079
2026-09-15,gold,monthly,OG,FEB28,2028-01-26,0,0,4,11
2026-09-15,gold,monthly,OG,JAN27,2026-12-28,427,205,24092,9887
2026-09-15,gold,monthly,OG,JAN28,2027-12-28,0,0,0,2
2026-09-15,gold,monthly,OG,JUL27,2027-06-24,0,0,2,1
2026-09-15,gold,monthly,OG,JUN27,2027-05-25,489,337,12522,11096
2026-09-15,gold,monthly,OG,MAR27,2027-02-23,609,47,19528,7870
2026-09-15,gold,monthly,OG,MAY27,2027-04-27,5,20,1829,1624
2026-09-15,gold,monthly,OG,NOV26,2026-10-27,4479,2277,69647,40695
2026-09-15,gold,monthly,OG,OCT26,2026-09-24,13956,2616,139649,67021
2026-09-15,gold,monthly,OG,SEP27,2027-08-26,0,0,306,300
2026-09-15,gold,weekly,OG1,OCT26,2026-10-02,240,180,648,545
2026-09-15,gold,weekly,OG2,OCT26,2026-10-09,59,3,91,75
2026-09-15,gold,weekly,OG3,SEP26,2026-09-18,1659,837,9201,4815
2026-09-15,gold,weekly,OG4,SEP26,2026-09-25,339,115,1099,1095
2026-09-15,silver,monthly,SO,APR27,2027-03-24,2,0,107,275
2026-09-15,silver,monthly,SO,AUG27,2027-07-27,0,0,16,0
2026-09-15,silver,monthly,SO,DEC26,2026-11-24,1080,124,24021,8385
2026-09-15,silver,monthly,SO,DEC27,2027-11-24,0,0,106,25
2026-09-15,silver,monthly,SO,DEC28,2028-11-27,0,0,0,40
2026-09-15,silver,monthly,SO,FEB27,2027-01-26,145,1,2148,173
2026-09-15,silver,monthly,SO,JAN27,2026-12-28,21,12,9615,977
2026-09-15,silver,monthly,SO,JUL27,2027-06-24,0,0,5,150
2026-09-15,silver,monthly,SO,JUN27,2027-05-25,75,75,478,217
2026-09-15,silver,monthly,SO,MAR27,2027-02-23,292,0,3561,1356
2026-09-15,silver,monthly,SO,MAR28,2028-02-24,0,0,1,0
2026-09-15,silver,monthly,SO,MAY27,2027-04-27,0,0,425,71
2026-09-15,silver,monthly,SO,NOV26,2026-10-27,443,453,6394,4450
2026-09-15,silver,monthly,SO,OCT26,2026-09-24,1110,1156,39088,9820
2026-09-15,silver,monthly,SO,SEP27,2027-08-26,0,0,25,0
2026-09-15,silver,weekly,SO1,OCT26,2026-10-02,0,2,24,83
2026-09-15,silver,weekly,SO2,OCT26,2026-10-09,2,0,2,0
2026-09-15,silver,weekly,SO3,SEP26,2026-09-18,623,120,1199,844
2026-09-15,silver,weekly,SO4,SEP26,2026-09-25,3,0,27,43
2026-09-16,gold,monthly,OG,APR27,2027-03-24,154,160,15131,6115
2026-09-16,gold,monthly,OG,AUG27,2027-07-27,0,0,4461,306
2026-09-16,gold,monthly,OG,DEC26,2026-11-24,10944,5349,295276,82735
2026-09-16,gold,monthly,OG,DEC27,2027-11-24,0,0,1385,1488
2026-09-16,gold,monthly,OG,DEC28,2028-11-27,0,0,151,0
2026-09-16,gold,monthly,OG,FEB27,2027-01-26,3208,254,35359,14282
2026-09-16,gold,monthly,OG,FEB28,2028-01-26,0,0,4,11
2026-09-16,gold,monthly,OG,JAN27,2026-12-28,3250,1146,25524,10807
2026-09-16,gold,monthly,OG,JAN28,2027-12-28,0,0,0,2
2026-09-16,gold,monthly,OG,JUL27,2027-06-24,0,0,2,1
2026-09-16,gold,monthly,OG,JUN27,2027-05-25,614,12,12722,11108
2026-09-16,gold,monthly,OG,MAR27,2027-02-23,197,77,19675,7947
2026-09-16,gold,monthly,OG,MAY27,2027-04-27,120,107,1824,1617
2026-09-16,gold,monthly,OG,NOV26,2026-10-27,12034,7003,70425,44444
2026-09-16,gold,monthly,OG,OCT26,2026-09-24,16775,9297,139555,68389
2026-09-16,gold,monthly,OG,OCT27,2027-09-27,200,200,200,200
2026-09-16,gold,monthly,OG,SEP27,2027-08-26,8,50,314,350
2026-09-16,gold,weekly,OG1,OCT26,2026-10-02,450,129,1000,663
2026-09-16,gold,weekly,OG2,OCT26,2026-10-09,692,15,391,89
2026-09-16,gold,weekly,OG3,SEP26,2026-09-18,5306,5348,10561,6360
2026-09-16,gold,weekly,OG4,SEP26,2026-09-25,702,1040,1422,1801
2026-09-16,silver,monthly,SO,APR27,2027-03-24,34,1,136,276
2026-09-16,silver,monthly,SO,AUG27,2027-07-27,0,0,16,0
2026-09-16,silver,monthly,SO,DEC26,2026-11-24,3351,268,23455,8525
2026-09-16,silver,monthly,SO,DEC27,2027-11-24,0,0,106,25
2026-09-16,silver,monthly,SO,DEC28,2028-11-27,0,0,0,40
2026-09-16,silver,monthly,SO,FEB27,2027-01-26,334,6,1930,178
2026-09-16,silver,monthly,SO,JAN27,2026-12-28,23,5,9618,977
2026-09-16,silver,monthly,SO,JUL27,2027-06-24,26,25,31,175
2026-09-16,silver,monthly,SO,JUN27,2027-05-25,65,65,498,282
2026-09-16,silver,monthly,SO,MAR27,2027-02-23,23,2,3570,1358
2026-09-16,silver,monthly,SO,MAR28,2028-02-24,0,0,1,0
2026-09-16,silver,monthly,SO,MAY27,2027-04-27,2,5,425,76
2026-09-16,silver,monthly,SO,NOV26,2026-10-27,1005,298,6671,4532
2026-09-16,silver,monthly,SO,OCT26,2026-09-24,1842,1796,39643,10239
2026-09-16,silver,monthly,SO,SEP27,2027-08-26,0,0,25,0
2026-09-16,silver,weekly,SO1,OCT26,2026-10-02,2,11,25,94
2026-09-16,silver,weekly,SO2,OCT26,2026-10-09,24,5,26,5
2026-09-16,silver,weekly,SO3,SEP26,2026-09-18,875,141,1195,958
2026-09-16,silver,weekly,SO4,SEP26,2026-09-25,11,17,35,55
2026-09-17,gold,monthly,OG,APR27,2027-03-24,436,227,15397,6177
2026-09-17,gold,monthly,OG,AUG27,2027-07-27,127,3,4588,309
2026-09-17,gold,monthly,OG,DEC26,2026-11-24,11980,4495,295636,83371
2026-09-17,gold,monthly,OG,DEC27,2027-11-24,0,0,1385,1488
2026-09-17,gold,monthly,OG,DEC28,2028-11-27,0,0,151,0
2026-09-17,gold,monthly,OG,FEB27,2027-01-26,1744,338,35846,14537
2026-09-17,gold,monthly,OG,FEB28,2028-01-26,0,0,4,11
2026-09-17,gold,monthly,OG,JAN27,2026-12-28,946,237,25745,10896
2026-09-17,gold,monthly,OG,JAN28,2027-12-28,0,0,0,2
2026-09-17,gold,monthly,OG,JUL27,2027-06-24,40,5,42,6
2026-09-17,gold,monthly,OG,JUN27,2027-05-25,251,16,12814,11108
2026-09-17,gold,monthly,OG,MAR27,2027-02-23,961,89,20178,7967
2026-09-17,gold,monthly,OG,MAY27,2027-04-27,144,114,1863,1716
2026-09-17,gold,monthly,OG,NOV26,2026-10-27,10075,6095,73619,47734
2026-09-17,gold,monthly,OG,OCT26,2026-09-24,9834,5307,138493,68267
2026-09-17,gold,monthly,OG,OCT27,2027-09-27,0,0,200,200
2026-09-17,gold,monthly,OG,SEP27,2027-08-26,0,0,314,350
2026-09-17,gold,weekly,OG1,OCT26,2026-10-02,244,187,1190,836
2026-09-17,gold,weekly,OG2,OCT26,2026-10-09,134,59,508,140
2026-09-17,gold,weekly,OG3,SEP26,2026-09-18,2961,5472,10919,8023
2026-09-17,gold,weekly,OG4,SEP26,2026-09-25,949,1045,1750,2094
2026-09-17,silver,monthly,SO,APR27,2027-03-24,15,4,146,278
2026-09-17,silver,monthly,SO,AUG27,2027-07-27,0,0,16,0
2026-09-17,silver,monthly,SO,DEC26,2026-11-24,613,115,23515,8556
2026-09-17,silver,monthly,SO,DEC27,2027-11-24,0,0,106,25
2026-09-17,silver,monthly,SO,DEC28,2028-11-27,0,0,0,40
2026-09-17,silver,monthly,SO,FEB27,2027-01-26,8,0,1934,178
2026-09-17,silver,monthly,SO,JAN27,2026-12-28,185,20,9651,988
2026-09-17,silver,monthly,SO,JUL27,2027-06-24,28,1,59,176
2026-09-17,silver,monthly,SO,JUN27,2027-05-25,60,60,558,342
2026-09-17,silver,monthly,SO,MAR27,2027-02-23,51,0,3602,1358
2026-09-17,silver,monthly,SO,MAR28,2028-02-24,0,0,1,0
2026-09-17,silver,monthly,SO,MAY27,2027-04-27,0,10,425,86
2026-09-17,silver,monthly,SO,NOV26,2026-10-27,1246,364,7410,4611
2026-09-17,silver,monthly,SO,OCT26,2026-09-24,1128,623,39632,10140
2026-09-17,silver,monthly,SO,SEP27,2027-08-26,0,0,25,0
2026-09-17,silver,weekly,SO1,OCT26,2026-10-02,17,26,42,118
2026-09-17,silver,weekly,SO2,OCT26,2026-10-09,0,0,26,5
2026-09-17,silver,weekly,SO3,SEP26,2026-09-18,492,978,1461,1382
2026-09-17,silver,weekly,SO4,SEP26,2026-09-25,26,23,51,59
2026-09-18,gold,monthly,OG,APR27,2027-03-24,80,116,15422,6263
2026-09-18,gold,monthly,OG,AUG27,2027-07-27,3,3,4588,308
2026-09-18,gold,monthly,OG,DEC26,2026-11-24,8972,3751,298462,84669
2026-09-18,gold,monthly,OG,DEC27,2027-11-24,0,0,1385,1488
2026-09-18,gold,monthly,OG,DEC28,2028-11-27,0,0,151,0
2026-09-18,gold,monthly,OG,FEB27,2027-01-26,195,259,35965,14707
2026-09-18,gold,monthly,OG,FEB28,2028-01-26,0,0,4,11
2026-09-18,gold,monthly,OG,JAN27,2026-12-28,1255,368,25955,10970
2026-09-18,gold,monthly,OG,JAN28,2027-12-28,0,0,0,2
2026-09-18,gold,monthly,OG,JUL27,2027-06-24,1,0,43,6
2026-09-18,gold,monthly,OG,JUN27,2027-05-25,418,3,12529,11108
2026-09-18,gold,monthly,OG,MAR27,2027-02-23,22,77,20189,8042
2026-09-18,gold,monthly,OG,MAY27,2027-04-27,112,12,1957,1728
2026-09-18,gold,monthly,OG,NOV26,2026-10-27,7828,3141,76180,48135
2026-09-18,gold,monthly,OG,OCT26,2026-09-24,9425,5665,138501,69474
2026-09-18,gold,monthly,OG,OCT27,2027-09-27,0,0,200,200
2026-09-18,gold,monthly,OG,SEP27,2027-08-26,0,0,314,350
2026-09-18,gold,weekly,OG1,OCT26,2026-10-02,335,452,1400,1209
2026-09-18,gold,weekly,OG2,OCT26,2026-10-09,101,41,598,167
2026-09-18,gold,weekly,OG3,SEP26,2026-09-18,3450,4428,0,0
2026-09-18,gold,weekly,OG4,SEP26,2026-09-25,3047,1212,3570,2448
2026-09-18,silver,monthly,SO,APR27,2027-03-24,0,0,146,278
2026-09-18,silver,monthly,SO,AUG27,2027-07-27,0,0,16,0
2026-09-18,silver,monthly,SO,DEC26,2026-11-24,1208,509,23748,8472
2026-09-18,silver,monthly,SO,DEC27,2027-11-24,0,0,106,25
2026-09-18,silver,monthly,SO,DEC28,2028-11-27,0,0,0,40
2026-09-18,silver,monthly,SO,FEB27,2027-01-26,0,7,1934,184
2026-09-18,silver,monthly,SO,JAN27,2026-12-28,7,43,9650,1025
2026-09-18,silver,monthly,SO,JUL27,2027-06-24,0,0,59,176
2026-09-18,silver,monthly,SO,JUN27,2027-05-25,0,60,558,402
2026-09-18,silver,monthly,SO,MAR27,2027-02-23,3,0,3603,1358
2026-09-18,silver,monthly,SO,MAR28,2028-02-24,0,0,1,0
2026-09-18,silver,monthly,SO,MAY27,2027-04-27,0,0,425,86
2026-09-18,silver,monthly,SO,NOV26,2026-10-27,2184,545,8690,4826
2026-09-18,silver,monthly,SO,OCT26,2026-09-24,1697,1490,39894,10469
2026-09-18,silver,monthly,SO,SEP27,2027-08-26,0,0,25,0
2026-09-18,silver,weekly,SO1,OCT26,2026-10-02,10,13,49,128
2026-09-18,silver,weekly,SO2,OCT26,2026-10-09,68,3,94,8
2026-09-18,silver,weekly,SO3,SEP26,2026-09-18,596,288,0,0
2026-09-18,silver,weekly,SO4,SEP26,2026-09-25,25,37,72,65
2026-09-22,gold,monthly,OG,APR27,2027-03-24,437,425,15741,6564
2026-09-22,gold,monthly,OG,APR28,2028-03-28,10,10,10,10
2026-09-22,gold,monthly,OG,AUG27,2027-07-27,30,0,4618,310
2026-09-22,gold,monthly,OG,DEC26,2026-11-24,4755,3485,300943,86066
2026-09-22,gold,monthly,OG,DEC27,2027-11-24,0,0,1385,1488
2026-09-22,gold,monthly,OG,DEC28,2028-11-27,0,0,151,0
2026-09-22,gold,monthly,OG,FEB27,2027-01-26,1130,99,36733,14892
2026-09-22,gold,monthly,OG,FEB28,2028-01-26,0,0,4,11
2026-09-22,gold,monthly,OG,JAN27,2026-12-28,1174,397,26679,11497
2026-09-22,gold,monthly,OG,JAN28,2027-12-28,0,0,0,2
2026-09-22,gold,monthly,OG,JUL27,2027-06-24,6,6,50,13
2026-09-22,gold,monthly,OG,JUL28,2028-06-27,15,15,15,15
2026-09-22,gold,monthly,OG,JUN27,2027-05-25,297,457,12707,11790
2026-09-22,gold,monthly,OG,MAR27,2027-02-23,63,107,20356,8174
2026-09-22,gold,monthly,OG,MAY27,2027-04-27,229,242,1938,1758
2026-09-22,gold,monthly,OG,MAY28,2028-04-25,20,20,20,20
2026-09-22,gold,monthly,OG,NOV26,2026-10-27,4828,6637,78826,52271
2026-09-22,gold,monthly,OG,OCT26,2026-09-24,7939,3133,139280,69076
2026-09-22,gold,monthly,OG,OCT27,2027-09-27,0,0,200,200
2026-09-22,gold,monthly,OG,SEP27,2027-08-26,0,0,324,359
2026-09-22,gold,weekly,OG1,OCT26,2026-10-02,408,613,1815,1952
2026-09-22,gold,weekly,OG2,OCT26,2026-10-09,58,95,749,322
2026-09-22,gold,weekly,OG3,OCT26,2026-10-16,47,107,39,109
2026-09-22,gold,weekly,OG4,SEP26,2026-09-25,2709,1985,4901,3511
2026-09-22,silver,monthly,SO,APR27,2027-03-24,40,6,211,276
2026-09-22,silver,monthly,SO,AUG27,2027-07-27,0,0,16,0
2026-09-22,silver,monthly,SO,DEC26,2026-11-24,2098,308,24905,8686
2026-09-22,silver,monthly,SO,DEC27,2027-11-24,0,0,106,25
2026-09-22,silver,monthly,SO,DEC28,2028-11-27,0,0,0,40
2026-09-22,silver,monthly,SO,FEB27,2027-01-26,12,0,1966,190
2026-09-22,silver,monthly,SO,JAN27,2026-12-28,42,181,9685,1197
2026-09-22,silver,monthly,SO,JUL27,2027-06-24,0,0,59,176
2026-09-22,silver,monthly,SO,JUN27,2027-05-25,0,71,558,471
2026-09-22,silver,monthly,SO,MAR27,2027-02-23,77,4,3608,1293
2026-09-22,silver,monthly,SO,MAR28,2028-02-24,0,0,1,0
2026-09-22,silver,monthly,SO,MAY27,2027-04-27,51,50,454,136
2026-09-22,silver,monthly,SO,NOV26,2026-10-27,760,743,9281,5191
2026-09-22,silver,monthly,SO,OCT26,2026-09-24,1783,1375,39800,11031
2026-09-22,silver,monthly,SO,SEP27,2027-08-26,0,10,25,10
2026-09-22,silver,weekly,SO1,OCT26,2026-10-02,16,36,65,158
2026-09-22,silver,weekly,SO2,OCT26,2026-10-09,1,11,106,19
2026-09-22,silver,weekly,SO3,OCT26,2026-10-16,4,20,21,64
2026-09-22,silver,weekly,SO4,SEP26,2026-09-25,182,156,197,212
2026-09-23,gold,monthly,OG,APR27,2027-03-24,320,32,15960,6585
2026-09-23,gold,monthly,OG,APR28,2028-03-28,5,5,5,5
2026-09-23,gold,monthly,OG,AUG27,2027-07-27,0,5,4618,315
2026-09-23,gold,monthly,OG,DEC26,2026-11-24,13095,6978,304664,87765
2026-09-23,gold,monthly,OG,DEC27,2027-11-24,1,0,1385,1488
2026-09-23,gold,monthly,OG,DEC28,2028-11-27,0,0,151,0
2026-09-23,gold,monthly,OG,FEB27,2027-01-26,1428,1031,37429,15752
2026-09-23,gold,monthly,OG,FEB28,2028-01-26,0,0,4,11
2026-09-23,gold,monthly,OG,JAN27,2026-12-28,2099,1195,27179,12343
2026-09-23,gold,monthly,OG,JAN28,2027-12-28,0,0,0,2
2026-09-23,gold,monthly,OG,JUL27,2027-06-24,52,4,102,17
2026-09-23,gold,monthly,OG,JUL28,2028-06-27,10,10,25,25
2026-09-23,gold,monthly,OG,JUN27,2027-05-25,524,109,12756,11895
2026-09-23,gold,monthly,OG,MAR27,2027-02-23,103,8,20349,8180
2026-09-23,gold,monthly,OG,MAY27,2027-04-27,11,6,1939,1763
2026-09-23,gold,monthly,OG,MAY28,2028-04-25,0,0,20,20
2026-09-23,gold,monthly,OG,NOV26,2026-10-27,11242,7828,80150,54534
2026-09-23,gold,monthly,OG,OCT26,2026-09-24,5484,8606,140149,65909
2026-09-23,gold,monthly,OG,OCT27,2027-09-27,0,0,200,200
2026-09-23,gold,monthly,OG,SEP27,2027-08-26,0,0,324,359
2026-09-23,gold,weekly,OG1,OCT26,2026-10-02,835,311,2302,2150
2026-09-23,gold,weekly,OG2,OCT26,2026-10-09,240,189,959,495
2026-09-23,gold,weekly,OG3,OCT26,2026-10-16,79,65,106,172
2026-09-23,gold,weekly,OG4,SEP26,2026-09-25,4306,2649,5860,4675
2026-09-23,silver,monthly,SO,APR27,2027-03-24,2,0,211,276
2026-09-23,silver,monthly,SO,AUG27,2027-07-27,0,0,16,0
2026-09-23,silver,monthly,SO,DEC26,2026-11-24,789,226,24952,8816
2026-09-23,silver,monthly,SO,DEC27,2027-11-24,0,0,106,25
2026-09-23,silver,monthly,SO,DEC28,2028-11-27,0,0,0,40
2026-09-23,silver,monthly,SO,FEB27,2027-01-26,7,1,1972,190
2026-09-23,silver,monthly,SO,JAN27,2026-12-28,26,10,9703,1205
2026-09-23,silver,monthly,SO,JUL27,2027-06-24,0,0,59,176
2026-09-23,silver,monthly,SO,JUN27,2027-05-25,0,0,558,471
2026-09-23,silver,monthly,SO,MAR27,2027-02-23,23,97,3627,1252
2026-09-23,silver,monthly,SO,MAR28,2028-02-24,0,0,1,0
2026-09-23,silver,monthly,SO,MAY27,2027-04-27,0,1,454,135
2026-09-23,silver,monthly,SO,NOV26,2026-10-27,1826,699,9708,5504
2026-09-23,silver,monthly,SO,OCT26,2026-09-24,2061,1575,39999,11258
2026-09-23,silver,monthly,SO,SEP27,2027-08-26,0,0,25,10
2026-09-23,silver,weekly,SO1,OCT26,2026-10-02,22,15,75,160
2026-09-23,silver,weekly,SO2,OCT26,2026-10-09,7,12,112,31
2026-09-23,silver,weekly,SO3,OCT26,2026-10-16,17,8,38,69
2026-09-23,silver,weekly,SO4,SEP26,2026-09-25,74,79,225,240
2026-09-24,gold,monthly,OG,APR27,2027-03-24,2953,73,18216,6655
2026-09-24,gold,monthly,OG,APR28,2028-03-28,0,0,5,5
2026-09-24,gold,monthly,OG,AUG27,2027-07-27,0,0,4618,315
2026-09-24,gold,monthly,OG,DEC26,2026-11-24,16703,5738,303571,90118
2026-09-24,gold,monthly,OG,DEC27,2027-11-24,0,0,1385,1488
2026-09-24,gold,monthly,OG,DEC28,2028-11-27,0,0,151,0
2026-09-24,gold,monthly,OG,FEB27,2027-01-26,1247,123,38530,15853
2026-09-24,gold,monthly,OG,FEB28,2028-01-26,0,0,4,11
2026-09-24,gold,monthly,OG,JAN27,2026-12-28,612,714,27585,12976
2026-09-24,gold,monthly,OG,JAN28,2027-12-28,0,0,0,2
2026-09-24,gold,monthly,OG,JUL27,2027-06-24,15,0,117,17
2026-09-24,gold,monthly,OG,JUL28,2028-06-27,0,0,25,25
2026-09-24,gold,monthly,OG,JUN27,2027-05-25,564,33,12482,11897
2026-09-24,gold,monthly,OG,MAR27,2027-02-23,157,32,20451,8202
2026-09-24,gold,monthly,OG,MAY27,2027-04-27,27,40,1946,1797
2026-09-24,gold,monthly,OG,MAY28,2028-04-25,0,0,20,20
2026-09-24,gold,monthly,OG,NOV26,2026-10-27,17678,7200,85060,56808
2026-09-24,gold,monthly,OG,OCT26,2026-09-24,6885,5256,0,0
2026-09-24,gold,monthly,OG,OCT27,2027-09-27,0,0,200,200
2026-09-24,gold,monthly,OG,SEP27,2027-08-26,0,0,324,359
2026-09-24,gold,weekly,OG1,OCT26,2026-10-02,674,1278,2614,2612
2026-09-24,gold,weekly,OG2,OCT26,2026-10-09,252,204,1106,643
2026-09-24,gold,weekly,OG3,OCT26,2026-10-16,241,72,334,232
2026-09-24,gold,weekly,OG4,SEP26,2026-09-25,5444,3575,7110,5798
2026-09-24,silver,monthly,SO,APR27,2027-03-24,0,1,211,277
2026-09-24,silver,monthly,SO,AUG27,2027-07-27,0,0,16,0
2026-09-24,silver,monthly,SO,DEC26,2026-11-24,690,203,25021,8875
2026-09-24,silver,monthly,SO,DEC27,2027-11-24,0,0,106,25
2026-09-24,silver,monthly,SO,DEC28,2028-11-27,0,0,0,40
2026-09-24,silver,monthly,SO,FEB27,2027-01-26,54,3,2026,191
2026-09-24,silver,monthly,SO,JAN27,2026-12-28,663,265,9764,1196
2026-09-24,silver,monthly,SO,JUL27,2027-06-24,0,0,59,176
2026-09-24,silver,monthly,SO,JUN27,2027-05-25,0,25,558,496
2026-09-24,silver,monthly,SO,MAR27,2027-02-23,56,2,3674,1253
2026-09-24,silver,monthly,SO,MAR28,2028-02-24,0,0,1,0
2026-09-24,silver,monthly,SO,MAY27,2027-04-27,3,20,457,155
2026-09-24,silver,monthly,SO,NOV26,2026-10-27,3446,1112,10077,6230
2026-09-24,silver,monthly,SO,OCT26,2026-09-24,2316,3017,0,0
2026-09-24,silver,monthly,SO,SEP27,2027-08-26,0,0,25,10
2026-09-24,silver,weekly,SO1,OCT26,2026-10-02,116,33,149,177
2026-09-24,silver,weekly,SO2,OCT26,2026-10-09,3,2,115,32
2026-09-24,silver,weekly,SO3,OCT26,2026-10-16,16,73,52,142
2026-09-24,silver,weekly,SO4,SEP26,2026-09-25,166,109,324,291
2026-09-25,gold,monthly,OG,APR27,2027-03-24,388,52,18276,6704
2026-09-25,gold,monthly,OG,APR28,2028-03-28,0,0,5,5
2026-09-25,gold,monthly,OG,AUG27,2027-07-27,40,0,4657,315
2026-09-25,gold,monthly,OG,DEC26,2026-11-24,6454,2976,304325,91182
2026-09-25,gold,monthly,OG,DEC27,2027-11-24,0,0,1385,1488
2026-09-25,gold,monthly,OG,DEC28,2028-11-27,0,0,151,0
2026-09-25,gold,monthly,OG,FEB27,2027-01-26,660,475,38836,16114
2026-09-25,gold,monthly,OG,FEB28,2028-01-26,0,0,4,11
2026-09-25,gold,monthly,OG,JAN27,2026-12-28,1659,943,28721,13532
2026-09-25,gold,monthly,OG,JAN28,2027-12-28,0,0,0,2
2026-09-25,gold,monthly,OG,JUL27,2027-06-24,130,8,207,25
2026-09-25,gold,monthly,OG,JUL28,2028-06-27,0,0,25,25
2026-09-25,gold,monthly,OG,JUN27,2027-05-25,1010,1,13062,11898
2026-09-25,gold,monthly,OG,MAR27,2027-02-23,201,199,20640,8397
2026-09-25,gold,monthly,OG,MAY27,2027-04-27,40,69,1963,1839
2026-09-25,gold,monthly,OG,MAY28,2028-04-25,0,0,20,20
2026-09-25,gold,monthly,OG,NOV26,2026-10-27,8245,3471,88453,57485
2026-09-25,gold,monthly,OG,OCT27,2027-09-27,0,0,200,200
2026-09-25,gold,monthly,OG,SEP27,2027-08-26,0,0,324,359
2026-09-25,gold,weekly,OG1,OCT26,2026-10-02,1364,2250,3401,3853
2026-09-25,gold,weekly,OG2,OCT26,2026-10-09,466,441,1444,986
2026-09-25,gold,weekly,OG3,OCT26,2026-10-16,786,62,1092,289
2026-09-25,gold,weekly,OG4,SEP26,2026-09-25,7862,6838,0,0
2026-09-25,silver,monthly,SO,APR27,2027-03-24,24,6,235,277
2026-09-25,silver,monthly,SO,AUG27,2027-07-27,0,0,16,0
2026-09-25,silver,monthly,SO,DEC26,2026-11-24,456,379,25054,8971
2026-09-25,silver,monthly,SO,DEC27,2027-11-24,0,0,106,25
2026-09-25,silver,monthly,SO,DEC28,2028-11-27,0,0,0,40
2026-09-25,silver,monthly,SO,FEB27,2027-01-26,8,4,2031,192
2026-09-25,silver,monthly,SO,JAN27,2026-12-28,109,26,9862,1218
2026-09-25,silver,monthly,SO,JUL27,2027-06-24,12,20,71,196
2026-09-25,silver,monthly,SO,JUN27,2027-05-25,0,55,558,551
2026-09-25,silver,monthly,SO,MAR27,2027-02-23,143,26,3689,1274
2026-09-25,silver,monthly,SO,MAR28,2028-02-24,0,0,1,0
2026-09-25,silver,monthly,SO,MAY27,2027-04-27,1,0,458,155
2026-09-25,silver,monthly,SO,NOV26,2026-10-27,876,667,10361,6495
2026-09-25,silver,monthly,SO,SEP27,2027-08-26,0,0,25,10
2026-09-25,silver,weekly,SO1,OCT26,2026-10-02,38,131,177,265
2026-09-25,silver,weekly,SO2,OCT26,2026-10-09,18,84,130,112
2026-09-25,silver,weekly,SO3,OCT26,2026-10-16,17,34,69,176
2026-09-25,silver,weekly,SO4,SEP26,2026-09-25,182,260,0,0
2026-09-28,gold,monthly,OG,APR27,2027-03-24,2652,572,20530,7029
2026-09-28,gold,monthly,OG,APR28,2028-03-28,0,0,5,5
2026-09-28,gold,monthly,OG,AUG27,2027-07-27,46,4,4702,319
2026-09-28,gold,monthly,OG,DEC26,2026-11-24,26362,12541,307762,90634
2026-09-28,gold,monthly,OG,DEC27,2027-11-24,0,0,1385,1488
2026-09-28,gold,monthly,OG,DEC28,2028-11-27,0,0,151,0
2026-09-28,gold,monthly,OG,FEB27,2027-01-26,1854,1630,39492,17106
2026-09-28,gold,monthly,OG,FEB28,2028-01-26,0,0,4,11
2026-09-28,gold,monthly,OG,JAN27,2026-12-28,11227,1465,36059,14161
2026-09-28,gold,monthly,OG,JAN28,2027-12-28,0,0,0,2
2026-09-28,gold,monthly,OG,JUL27,2027-06-24,152,19,359,44
2026-09-28,gold,monthly,OG,JUL28,2028-06-27,0,0,25,25
2026-09-28,gold,monthly,OG,JUN27,2027-05-25,138,1105,13153,11855
2026-09-28,gold,monthly,OG,MAR27,2027-02-23,182,539,20769,8719
2026-09-28,gold,monthly,OG,MAY27,2027-04-27,264,15,2029,1851
2026-09-28,gold,monthly,OG,MAY28,2028-04-25,0,0,20,20
2026-09-28,gold,monthly,OG,NOV26,2026-10-27,15433,12671,92553,60775
2026-09-28,gold,monthly,OG,OCT27,2027-09-27,0,0,200,200
2026-09-28,gold,monthly,OG,SEP27,2027-08-26,0,0,324,359
2026-09-28,gold,weekly,OG1,OCT26,2026-10-02,1594,3861,4265,5384
2026-09-28,gold,weekly,OG2,OCT26,2026-10-09,442,910,1743,1378
2026-09-28,gold,weekly,OG3,OCT26,2026-10-16,411,187,1416,410
2026-09-28,gold,weekly,OG4,OCT26,,37,44,36,41
2026-09-28,silver,monthly,SO,APR27,2027-03-24,13,5,246,282
2026-09-28,silver,monthly,SO,AUG27,2027-07-27,0,0,16,0
2026-09-28,silver,monthly,SO,DEC26,2026-11-24,638,1150,25195,9251
2026-09-28,silver,monthly,SO,DEC27,2027-11-24,0,0,106,25
2026-09-28,silver,monthly,SO,DEC28,2028-11-27,0,0,0,40
2026-09-28,silver,monthly,SO,FEB27,2027-01-26,44,19,2052,211
2026-09-28,silver,monthly,SO,JAN27,2026-12-28,296,315,9605,1325
2026-09-28,silver,monthly,SO,JUL27,2027-06-24,20,0,89,196
2026-09-28,silver,monthly,SO,JUN27,2027-05-25,2,0,557,551
2026-09-28,silver,monthly,SO,MAR27,2027-02-23,121,23,3709,1296
2026-09-28,silver,monthly,SO,MAR28,2028-02-24,0,0,1,0
2026-09-28,silver,monthly,SO,MAY27,2027-04-27,8,7,466,162
2026-09-28,silver,monthly,SO,NOV26,2026-10-27,1080,2097,10736,7037
2026-09-28,silver,monthly,SO,SEP27,2027-08-26,0,2,25,12
2026-09-28,silver,weekly,SO1,OCT26,2026-10-02,56,168,209,308
2026-09-28,silver,weekly,SO2,OCT26,2026-10-09,11,106,139,89
2026-09-28,silver,weekly,SO3,OCT26,2026-10-16,2,5,70,178
2026-09-29,gold,monthly,OG,APR27,2027-03-24,150,59,20672,7025
2026-09-29,gold,monthly,OG,APR28,2028-03-28,0,0,5,5
2026-09-29,gold,monthly,OG,AUG27,2027-07-27,1,11,4703,327
2026-09-29,gold,monthly,OG,DEC26,2026-11-24,25719,6492,317111,92934
2026-09-29,gold,monthly,OG,DEC27,2027-11-24,0,0,1385,1488
2026-09-29,gold,monthly,OG,DEC28,2028-11-27,0,0,151,0
2026-09-29,gold,monthly,OG,FEB27,2027-01-26,1899,837,40021,17751
2026-09-29,gold,monthly,OG,FEB28,2028-01-26,0,0,4,11
2026-09-29,gold,monthly,OG,JAN27,2026-12-28,1216,539,36786,14235
2026-09-29,gold,monthly,OG,JAN28,2027-12-28,0,0,0,2
2026-09-29,gold,monthly,OG,JUL27,2027-06-24,34,33,362,50
2026-09-29,gold,monthly,OG,JUL28,2028-06-27,0,0,25,25
2026-09-29,gold,monthly,OG,JUN27,2027-05-25,352,352,13453,12207
2026-09-29,gold,monthly,OG,MAR27,2027-02-23,413,634,21083,9254
2026-09-29,gold,monthly,OG,MAY27,2027-04-27,241,7,2100,1858
2026-09-29,gold,monthly,OG,MAY28,2028-04-25,0,0,20,20
2026-09-29,gold,monthly,OG,NOV26,2026-10-27,8059,4065,96365,61293
2026-09-29,gold,monthly,OG,OCT27,2027-09-27,0,0,200,200
2026-09-29,gold,monthly,OG,SEP27,2027-08-26,11,9,315,350
2026-09-29,gold,weekly,OG1,OCT26,2026-10-02,795,1505,4542,5879
2026-09-29,gold,weekly,OG2,OCT26,2026-10-09,408,595,1887,1587
2026-09-29,gold,weekly,OG3,OCT26,2026-10-16,246,134,1461,496
2026-09-29,gold,weekly,OG4,OCT26,2026-10-23,2,18,38,58
2026-09-29,silver,monthly,SO,APR27,2027-03-24,102,100,347,372
2026-09-29,silver,monthly,SO,AUG27,2027-07-27,0,0,16,0
2026-09-29,silver,monthly,SO,DEC26,2026-11-24,610,531,25523,9296
2026-09-29,silver,monthly,SO,DEC27,2027-11-24,0,0,106,25
2026-09-29,silver,monthly,SO,DEC28,2028-11-27,0,0,0,40
2026-09-29,silver,monthly,SO,FEB27,2027-01-26,98,55,2137,266
2026-09-29,silver,monthly,SO,JAN27,2026-12-28,141,242,9704,1549
2026-09-29,silver,monthly,SO,JUL27,2027-06-24,4,0,90,196
2026-09-29,silver,monthly,SO,JUN27,2027-05-25,0,0,557,551
2026-09-29,silver,monthly,SO,MAR27,2027-02-23,98,4,3805,1300
2026-09-29,silver,monthly,SO,MAR28,2028-02-24,0,0,1,0
2026-09-29,silver,monthly,SO,MAY27,2027-04-27,20,20,486,182
2026-09-29,silver,monthly,SO,NOV26,2026-10-27,1028,668,11211,7368
2026-09-29,silver,monthly,SO,SEP27,2027-08-26,0,0,25,12
2026-09-29,silver,weekly,SO1,OCT26,2026-10-02,487,63,676,306
2026-09-29,silver,weekly,SO2,OCT26,2026-10-09,8,15,144,98
2026-09-29,silver,weekly,SO3,OCT26,2026-10-16,6,46,74,211
2026-09-30,gold,monthly,OG,APR27,2027-03-24,1151,104,21759,7110
2026-09-30,gold,monthly,OG,APR28,2028-03-28,0,0,5,5
2026-09-30,gold,monthly,OG,AUG27,2027-07-27,139,116,4837,434
2026-09-30,gold,monthly,OG,DEC26,2026-11-24,13673,3924,310407,93016
2026-09-30,gold,monthly,OG,DEC27,2027-11-24,100,0,1485,1488
2026-09-30,gold,monthly,OG,DEC28,2028-11-27,0,0,151,0
2026-09-30,gold,monthly,OG,FEB27,2027-01-26,2833,541,40747,18146
2026-09-30,gold,monthly,OG,FEB28,2028-01-26,0,0,4,11
2026-09-30,gold,monthly,OG,JAN27,2026-12-28,2428,621,38589,14608
2026-09-30,gold,monthly,OG,JAN28,2027-12-28,0,0,0,2
2026-09-30,gold,monthly,OG,JUL27,2027-06-24,42,10,401,57
2026-09-30,gold,monthly,OG,JUL28,2028-06-27,0,0,25,25
2026-09-30,gold,monthly,OG,JUN27,2027-05-25,653,8,13766,12205
2026-09-30,gold,monthly,OG,MAR27,2027-02-23,262,307,21036,9401
2026-09-30,gold,monthly,OG,MAY27,2027-04-27,9,5,2104,1861
2026-09-30,gold,monthly,OG,MAY28,2028-04-25,0,0,20,20
2026-09-30,gold,monthly,OG,NOV26,2026-10-27,6956,4913,95899,62731
2026-09-30,gold,monthly,OG,OCT27,2027-09-27,4,0,204,200
2026-09-30,gold,monthly,OG,SEP27,2027-08-26,0,0,315,350
2026-09-30,gold,weekly,OG1,OCT26,2026-10-02,1171,1373,4959,6211
2026-09-30,gold,weekly,OG2,OCT26,2026-10-09,574,610,1960,1866
2026-09-30,gold,weekly,OG3,OCT26,2026-10-16,198,473,1614,596
2026-09-30,gold,weekly,OG4,OCT26,2026-10-23,413,25,443,68
2026-09-30,silver,monthly,SO,APR27,2027-03-24,82,60,428,432
2026-09-30,silver,monthly,SO,AUG27,2027-07-27,0,0,16,0
2026-09-30,silver,monthly,SO,DEC26,2026-11-24,720,232,25593,9351
2026-09-30,silver,monthly,SO,DEC27,2027-11-24,0,0,106,25
2026-09-30,silver,monthly,SO,DEC28,2028-11-27,0,0,0,40
2026-09-30,silver,monthly,SO,FEB27,2027-01-26,71,22,2191,287
2026-09-30,silver,monthly,SO,JAN27,2026-12-28,2082,373,9951,1671
2026-09-30,silver,monthly,SO,JUL27,2027-06-24,0,0,90,196
2026-09-30,silver,monthly,SO,JUN27,2027-05-25,3,0,560,551
2026-09-30,silver,monthly,SO,MAR27,2027-02-23,162,45,3939,1345
2026-09-30,silver,monthly,SO,MAR28,2028-02-24,0,0,1,0
2026-09-30,silver,monthly,SO,MAY27,2027-04-27,20,3,466,185
2026-09-30,silver,monthly,SO,NOV26,2026-10-27,1000,1046,11363,8100
2026-09-30,silver,monthly,SO,SEP27,2027-08-26,0,0,25,12
2026-09-30,silver,weekly,SO1,OCT26,2026-10-02,684,152,745,390
2026-09-30,silver,weekly,SO2,OCT26,2026-10-09,25,37,163,130
2026-09-30,silver,weekly,SO3,OCT26,2026-10-16,0,40,74,248
2026-09-30,silver,weekly,SO4,OCT26,2026-10-23,12,8,3,7
2026-10-02,gold,monthly,OG,APR27,2027-03-24,543,34,21974,7249
2026-10-02,gold,monthly,OG,APR28,2028-03-28,0,0,5,5
2026-10-02,gold,monthly,OG,AUG27,2027-07-27,5,6,4874,435
2026-10-02,gold,monthly,OG,DEC26,2026-11-24,15359,2361,313921,93306
2026-10-02,gold,monthly,OG,DEC27,2027-11-24,0,0,1485,1488
2026-10-02,gold,monthly,OG,DEC28,2028-11-27,0,0,151,0
2026-10-02,gold,monthly,OG,FEB27,2027-01-26,1883,995,42413,18836
2026-10-02,gold,monthly,OG,FEB28,2028-01-26,0,0,4,11
2026-10-02,gold,monthly,OG,JAN27,2026-12-28,956,964,41012,15627
2026-10-02,gold,monthly,OG,JAN28,2027-12-28,0,0,0,2
2026-10-02,gold,monthly,OG,JUL27,2027-06-24,417,3,773,68
2026-10-02,gold,monthly,OG,JUL28,2028-06-27,0,0,25,25
2026-10-02,gold,monthly,OG,JUN27,2027-05-25,504,226,14460,12319
2026-10-02,gold,monthly,OG,MAR27,2027-02-23,601,423,22525,9575
2026-10-02,gold,monthly,OG,MAY27,2027-04-27,15,5,2116,1873
2026-10-02,gold,monthly,OG,MAY28,2028-04-25,0,0,20,20
2026-10-02,gold,monthly,OG,NOV26,2026-10-27,10661,3183,100858,64219
2026-10-02,gold,monthly,OG,OCT27,2027-09-27,0,0,204,200
2026-10-02,gold,monthly,OG,SEP27,2027-08-26,0,0,315,350
2026-10-02,gold,weekly,OG1,OCT26,2026-10-02,5321,7018,0,0
2026-10-02,gold,weekly,OG2,OCT26,2026-10-09,3539,2405,4961,3707
2026-10-02,gold,weekly,OG3,OCT26,2026-10-16,662,207,1862,807
2026-10-02,gold,weekly,OG4,OCT26,2026-10-23,284,25,713,129
2026-10-02,silver,monthly,SO,APR27,2027-03-24,11,0,403,432
2026-10-02,silver,monthly,SO,AUG27,2027-07-27,0,0,16,0
2026-10-02,silver,monthly,SO,DEC26,2026-11-24,469,433,25796,9437
2026-10-02,silver,monthly,SO,DEC27,2027-11-24,0,0,106,25
2026-10-02,silver,monthly,SO,DEC28,2028-11-27,0,0,0,40
2026-10-02,silver,monthly,SO,FEB27,2027-01-26,70,77,2434,522
2026-10-02,silver,monthly,SO,JAN27,2026-12-28,104,266,10244,1873
2026-10-02,silver,monthly,SO,JUL27,2027-06-24,20,0,130,196
2026-10-02,silver,monthly,SO,JUN27,2027-05-25,4,0,560,551
2026-10-02,silver,monthly,SO,MAR27,2027-02-23,50,94,4277,1713
2026-10-02,silver,monthly,SO,MAR28,2028-02-24,0,0,1,0
2026-10-02,silver,monthly,SO,MAY27,2027-04-27,2,5,508,190
2026-10-02,silver,monthly,SO,NOV26,2026-10-27,1172,1283,11590,9208
2026-10-02,silver,monthly,SO,SEP27,2027-08-26,0,0,46,12
2026-10-02,silver,weekly,SO1,OCT26,2026-10-02,212,471,0,0
2026-10-02,silver,weekly,SO2,OCT26,2026-10-09,44,72,199,164
2026-10-02,silver,weekly,SO3,OCT26,2026-10-16,63,24,101,263
2026-10-02,silver,weekly,SO4,OCT26,2026-10-23,9,3,17,8
2026-10-05,gold,monthly,OG,APR27,2027-03-24,44,63,21977,7286
2026-10-05,gold,monthly,OG,APR28,2028-03-28,0,0,5,5
2026-10-05,gold,monthly,OG,AUG27,2027-07-27,17,5,4887,438
2026-10-05,gold,monthly,OG,DEC26,2026-11-24,7810,2475,315617,94042
2026-10-05,gold,monthly,OG,DEC27,2027-11-24,1,0,1485,1488
2026-10-05,gold,monthly,OG,DEC28,2028-11-27,0,0,151,0
2026-10-05,gold,monthly,OG,FEB27,2027-01-26,1010,272,42628,18969
2026-10-05,gold,monthly,OG,FEB28,2028-01-26,0,0,4,11
2026-10-05,gold,monthly,OG,JAN27,2026-12-28,679,463,41090,15830
2026-10-05,gold,monthly,OG,JAN28,2027-12-28,0,0,0,2
2026-10-05,gold,monthly,OG,JUL27,2027-06-24,35,12,805,74
2026-10-05,gold,monthly,OG,JUL28,2028-06-27,0,0,25,25
2026-10-05,gold,monthly,OG,JUN27,2027-05-25,721,575,15045,12894
2026-10-05,gold,monthly,OG,MAR27,2027-02-23,730,242,22718,9816
2026-10-05,gold,monthly,OG,MAY27,2027-04-27,32,24,2128,1896
2026-10-05,gold,monthly,OG,MAY28,2028-04-25,0,0,20,20
2026-10-05,gold,monthly,OG,NOV26,2026-10-27,3084,4595,101197,65261
2026-10-05,gold,monthly,OG,OCT27,2027-09-27,0,0,204,200
2026-10-05,gold,monthly,OG,SEP27,2027-08-26,0,0,315,350
2026-10-05,gold,weekly,OG2,OCT26,2026-10-09,1847,1797,5417,4956
2026-10-05,gold,weekly,OG3,OCT26,2026-10-16,404,453,2185,1171
2026-10-05,gold,weekly,OG4,OCT26,2026-10-23,493,19,653,147
2026-10-05,silver,monthly,SO,APR27,2027-03-24,10,1,413,431
2026-10-05,silver,monthly,SO,AUG27,2027-07-27,0,0,16,0
2026-10-05,silver,monthly,SO,DEC26,2026-11-24,550,170,25770,9538
2026-10-05,silver,monthly,SO,DEC27,2027-11-24,0,0,106,25
2026-10-05,silver,monthly,SO,DEC28,2028-11-27,0,0,0,40
2026-10-05,silver,monthly,SO,FEB27,2027-01-26,23,2,2451,524
2026-10-05,silver,monthly,SO,JAN27,2026-12-28,122,28,10258,1872
2026-10-05,silver,monthly,SO,JUL27,2027-06-24,2,0,131,196
2026-10-05,silver,monthly,SO,JUN27,2027-05-25,0,0,560,551
2026-10-05,silver,monthly,SO,MAR27,2027-02-23,28,72,4300,1757
2026-10-05,silver,monthly,SO,MAR28,2028-02-24,0,0,1,0
2026-10-05,silver,monthly,SO,MAY27,2027-04-27,1,0,509,190
2026-10-05,silver,monthly,SO,NOV26,2026-10-27,1292,430,12055,9336
2026-10-05,silver,monthly,SO,SEP27,2027-08-26,0,0,46,12
2026-10-05,silver,weekly,SO2,OCT26,2026-10-09,15,56,209,204
2026-10-05,silver,weekly,SO3,OCT26,2026-10-16,12,9,111,267
2026-10-05,silver,weekly,SO4,OCT26,2026-10-23,3,4,18,7
2026-10-06,gold,monthly,OG,APR27,2027-03-24,653,264,22378,7379
2026-10-06,gold,monthly,OG,APR28,2028-03-28,5,5,0,0
2026-10-06,gold,monthly,OG,AUG27,2027-07-27,11,18,4887,444
2026-10-06,gold,monthly,OG,DEC26,2026-11-24,7942,3199,316649,94837
2026-10-06,gold,monthly,OG,DEC27,2027-11-24,0,0,1485,1488
2026-10-06,gold,monthly,OG,DEC28,2028-11-27,0,0,151,0
2026-10-06,gold,monthly,OG,FEB27,2027-01-26,1472,787,43249,19508
2026-10-06,gold,monthly,OG,FEB28,2028-01-26,0,0,4,11
2026-10-06,gold,monthly,OG,JAN27,2026-12-28,1355,855,41924,16098
2026-10-06,gold,monthly,OG,JAN28,2027-12-28,0,0,0,2
2026-10-06,gold,monthly,OG,JUL27,2027-06-24,207,21,1006,88
2026-10-06,gold,monthly,OG,JUL28,2028-06-27,0,0,25,25
2026-10-06,gold,monthly,OG,JUN27,2027-05-25,381,29,15305,12914
2026-10-06,gold,monthly,OG,MAR27,2027-02-23,696,454,22986,10087
2026-10-06,gold,monthly,OG,MAY27,2027-04-27,26,22,2154,1897
2026-10-06,gold,monthly,OG,MAY28,2028-04-25,0,0,20,20
2026-10-06,gold,monthly,OG,NOV26,2026-10-27,6092,3308,101504,64982
2026-10-06,gold,monthly,OG,OCT27,2027-09-27,0,0,204,200
2026-10-06,gold,monthly,OG,SEP27,2027-08-26,0,2,315,352
2026-10-06,gold,weekly,OG2,OCT26,2026-10-09,1528,797,6172,5209
2026-10-06,gold,weekly,OG3,OCT26,2026-10-16,264,317,2352,1219
2026-10-06,gold,weekly,OG4,OCT26,2026-10-23,104,137,745,280
2026-10-06,silver,monthly,SO,APR27,2027-03-24,25,2,433,430
2026-10-06,silver,monthly,SO,AUG27,2027-07-27,0,0,16,0
2026-10-06,silver,monthly,SO,DEC26,2026-11-24,634,314,25785,9619
2026-10-06,silver,monthly,SO,DEC27,2027-11-24,0,0,106,25
2026-10-06,silver,monthly,SO,DEC28,2028-11-27,0,0,0,40
2026-10-06,silver,monthly,SO,FEB27,2027-01-26,62,158,2492,679
2026-10-06,silver,monthly,SO,JAN27,2026-12-28,402,27,10475,1888
2026-10-06,silver,monthly,SO,JUL27,2027-06-24,0,5,131,201
2026-10-06,silver,monthly,SO,JUN27,2027-05-25,0,0,560,551
2026-10-06,silver,monthly,SO,MAR27,2027-02-23,129,20,4325,1777
2026-10-06,silver,monthly,SO,MAR28,2028-02-24,0,0,1,0
2026-10-06,silver,monthly,SO,MAY27,2027-04-27,6,0,513,190
2026-10-06,silver,monthly,SO,NOV26,2026-10-27,1209,407,12469,9338
2026-10-06,silver,monthly,SO,SEP27,2027-08-26,0,0,46,12
2026-10-06,silver,weekly,SO2,OCT26,2026-10-09,51,28,248,212
2026-10-06,silver,weekly,SO3,OCT26,2026-10-16,24,5,126,268
2026-10-06,silver,weekly,SO4,OCT26,2026-10-23,0,17,18,16
2026-10-07,gold,monthly,OG,APR27,2027-03-24,1743,1956,23525,8868
2026-10-07,gold,monthly,OG,AUG27,2027-07-27,0,0,4887,444
2026-10-07,gold,monthly,OG,DEC26,2026-11-24,12577,5201,319218,95159
2026-10-07,gold,monthly,OG,DEC27,2027-11-24,5,100,1488,1388
2026-10-07,gold,monthly,OG,DEC28,2028-11-27,0,0,151,0
2026-10-07,gold,monthly,OG,FEB27,2027-01-26,963,597,43629,19790
2026-10-07,gold,monthly,OG,FEB28,2028-01-26,0,0,4,11
2026-10-07,gold,monthly,OG,JAN27,2026-12-28,3267,1443,43098,17051
2026-10-07,gold,monthly,OG,JAN28,2027-12-28,0,0,0,2
2026-10-07,gold,monthly,OG,JUL27,2027-06-24,0,0,1006,88
2026-10-07,gold,monthly,OG,JUL28,2028-06-27,0,0,25,25
2026-10-07,gold,monthly,OG,JUN27,2027-05-25,5,7,15308,12921
2026-10-07,gold,monthly,OG,MAR27,2027-02-23,467,1420,22975,11305
2026-10-07,gold,monthly,OG,MAY27,2027-04-27,202,53,2208,1948
2026-10-07,gold,monthly,OG,MAY28,2028-04-25,0,0,20,20
2026-10-07,gold,monthly,OG,NOV26,2026-10-27,5850,4746,102539,64683
2026-10-07,gold,monthly,OG,OCT27,2027-09-27,0,0,204,200
2026-10-07,gold,monthly,OG,SEP27,2027-08-26,0,0,315,352
2026-10-07,gold,weekly,OG2,OCT26,2026-10-09,1710,2646,6721,5835
2026-10-07,gold,weekly,OG3,OCT26,2026-10-16,394,615,2636,1503
2026-10-07,gold,weekly,OG4,OCT26,2026-10-23,34,80,775,318
2026-10-07,silver,monthly,SO,APR27,2027-03-24,0,0,433,430
2026-10-07,silver,monthly,SO,AUG27,2027-07-27,30,0,46,0
2026-10-07,silver,monthly,SO,DEC26,2026-11-24,543,694,26033,9754
2026-10-07,silver,monthly,SO,DEC27,2027-11-24,0,0,106,25
2026-10-07,silver,monthly,SO,DEC28,2028-11-27,0,0,0,40
2026-10-07,silver,monthly,SO,FEB27,2027-01-26,11,98,2499,763
2026-10-07,silver,monthly,SO,JAN27,2026-12-28,306,220,10612,2039
2026-10-07,silver,monthly,SO,JUL27,2027-06-24,1,22,131,223
2026-10-07,silver,monthly,SO,JUN27,2027-05-25,1,0,560,551
2026-10-07,silver,monthly,SO,MAR27,2027-02-23,362,938,4625,2666
2026-10-07,silver,monthly,SO,MAR28,2028-02-24,0,0,1,0
2026-10-07,silver,monthly,SO,MAY27,2027-04-27,33,0,545,190
2026-10-07,silver,monthly,SO,NOV26,2026-10-27,1215,1777,12668,10096
2026-10-07,silver,monthly,SO,SEP27,2027-08-26,0,0,46,12
2026-10-07,silver,weekly,SO2,OCT26,2026-10-09,345,257,496,331
2026-10-07,silver,weekly,SO3,OCT26,2026-10-16,33,49,145,300
2026-10-07,silver,weekly,SO4,OCT26,2026-10-23,10,31,28,37
2026-10-08,gold,monthly,OG,APR27,2027-03-24,243,27,23377,8876
2026-10-08,gold,monthly,OG,AUG27,2027-07-27,0,0,4887,444
2026-10-08,gold,monthly,OG,DEC26,2026-11-24,11484,3771,320133,96276
2026-10-08,gold,monthly,OG,DEC27,2027-11-24,0,0,1488,1388
2026-10-08,gold,monthly,OG,DEC28,2028-11-27,0,0,151,0
2026-10-08,gold,monthly,OG,FEB27,2027-01-26,1363,355,44306,19973
2026-10-08,gold,monthly,OG,FEB28,2028-01-26,0,0,4,11
2026-10-08,gold,monthly,OG,JAN27,2026-12-28,2700,472,44241,17325
2026-10-08,gold,monthly,OG,JAN28,2027-12-28,0,0,0,2
2026-10-08,gold,monthly,OG,JUL27,2027-06-24,1,15,1007,103
2026-10-08,gold,monthly,OG,JUL28,2028-06-27,0,0,25,25
2026-10-08,gold,monthly,OG,JUN27,2027-05-25,315,108,15495,12829
2026-10-08,gold,monthly,OG,MAR27,2027-02-23,809,516,23534,11597
2026-10-08,gold,monthly,OG,MAY27,2027-04-27,273,289,2378,2214
2026-10-08,gold,monthly,OG,MAY28,2028-04-25,0,0,20,20
2026-10-08,gold,monthly,OG,NOV26,2026-10-27,5713,2494,103157,64817
2026-10-08,gold,monthly,OG,OCT27,2027-09-27,0,0,204,200
2026-10-08,gold,monthly,OG,SEP27,2027-08-26,0,0,315,352
2026-10-08,gold,weekly,OG2,OCT26,2026-10-09,3246,2760,7689,6540
2026-10-08,gold,weekly,OG3,OCT26,2026-10-16,1078,159,3065,1553
2026-10-08,gold,weekly,OG4,OCT26,2026-10-23,90,79,823,354
2026-10-08,silver,monthly,SO,APR27,2027-03-24,0,18,433,448
2026-10-08,silver,monthly,SO,AUG27,2027-07-27,3,0,49,0
2026-10-08,silver,monthly,SO,DEC26,2026-11-24,1205,493,26034,9810
2026-10-08,silver,monthly,SO,DEC27,2027-11-24,0,0,106,25
2026-10-08,silver,monthly,SO,DEC28,2028-11-27,0,0,0,40
2026-10-08,silver,monthly,SO,FEB27,2027-01-26,30,57,2524,816
2026-10-08,silver,monthly,SO,JAN27,2026-12-28,230,152,10734,2129
2026-10-08,silver,monthly,SO,JUL27,2027-06-24,6,5,137,228
2026-10-08,silver,monthly,SO,JUN27,2027-05-25,0,5,560,552
2026-10-08,silver,monthly,SO,MAR27,2027-02-23,1118,38,5244,2703
2026-10-08,silver,monthly,SO,MAR28,2028-02-24,0,0,1,0
2026-10-08,silver,monthly,SO,MAY27,2027-04-27,1,0,546,190
2026-10-08,silver,monthly,SO,NOV26,2026-10-27,2128,1649,13469,10585
2026-10-08,silver,monthly,SO,SEP27,2027-08-26,0,0,46,12
2026-10-08,silver,weekly,SO2,OCT26,2026-10-09,245,447,618,519
2026-10-08,silver,weekly,SO3,OCT26,2026-10-16,50,85,189,373
2026-10-08,silver,weekly,SO4,OCT26,2026-10-23,40,96,62,125
